1.wav	DISTRESS
2.wav	DISTRESS
3.wav	DISTRESS
4.wav	DISTRESS
5.wav	DISTRESS
6.wav	DISTRESS
7.wav	DISTRESS
8.wav	DISTRESS
9.wav	DISTRESS
10.wav	DISTRESS
11.wav	DISTRESS
12.wav	DISTRESS
13.wav	DISTRESS
14.wav	DISTRESS
15.wav	DISTRESS
16.wav	DISTRESS
17.wav	DISTRESS
18.wav	DISTRESS
19.wav	DISTRESS
20.wav	DISTRESS
21.wav	DISTRESS
22.wav	DISTRESS
23.wav	DISTRESS
24.wav	DISTRESS
25.wav	DISTRESS
26.wav	DISTRESS
27.wav	DISTRESS
28.wav	DISTRESS
29.wav	DISTRESS
30.wav	DISTRESS
31.wav	DISTRESS
32.wav	DISTRESS
33.wav	DISTRESS
34.wav	DISTRESS
35.wav	DISTRESS
36.wav	DISTRESS
37.wav	DISTRESS
38.wav	DISTRESS
39.wav	DISTRESS
40.wav	DISTRESS
41.wav	DISTRESS
42.wav	DISTRESS
43.wav	DISTRESS
44.wav	DISTRESS
45.wav	DISTRESS
46.wav	DISTRESS
47.wav	DISTRESS
48.wav	DISTRESS
49.wav	DISTRESS
50.wav	DISTRESS
51.wav	DISTRESS
52.wav	DISTRESS
53.wav	DISTRESS
54.wav	DISTRESS
55.wav	DISTRESS
56.wav	DISTRESS
57.wav	DISTRESS
58.wav	DISTRESS
59.wav	DISTRESS
60.wav	DISTRESS
61.wav	DISTRESS
62.wav	DISTRESS
63.wav	DISTRESS
64.wav	DISTRESS
65.wav	DISTRESS
66.wav	DISTRESS
67.wav	DISTRESS
68.wav	DISTRESS
69.wav	DISTRESS
70.wav	DISTRESS
71.wav	DISTRESS
72.wav	DISTRESS
73.wav	DISTRESS
74.wav	DISTRESS
75.wav	DISTRESS
76.wav	DISTRESS
77.wav	DISTRESS
78.wav	DISTRESS
79.wav	DISTRESS
80.wav	DISTRESS
81.wav	DISTRESS
82.wav	DISTRESS
83.wav	DISTRESS
84.wav	DISTRESS
85.wav	DISTRESS
86.wav	DISTRESS
87.wav	DISTRESS
88.wav	DISTRESS
89.wav	DISTRESS
90.wav	DISTRESS
91.wav	DISTRESS
92.wav	DISTRESS
93.wav	DISTRESS
94.wav	DISTRESS
95.wav	DISTRESS
96.wav	DISTRESS
97.wav	DISTRESS
98.wav	DISTRESS
99.wav	DISTRESS
100.wav	DISTRESS
101.wav	DISTRESS
102.wav	DISTRESS
103.wav	DISTRESS
104.wav	DISTRESS
105.wav	DISTRESS
106.wav	DISTRESS
107.wav	DISTRESS
108.wav	DISTRESS
109.wav	DISTRESS
110.wav	DISTRESS
111.wav	DISTRESS
112.wav	DISTRESS
113.wav	DISTRESS
114.wav	DISTRESS
115.wav	DISTRESS
116.wav	DISTRESS
117.wav	DISTRESS
118.wav	DISTRESS
119.wav	DISTRESS
120.wav	DISTRESS
121.wav	DISTRESS
122.wav	DISTRESS
123.wav	DISTRESS
124.wav	DISTRESS
125.wav	DISTRESS
126.wav	DISTRESS
127.wav	DISTRESS
128.wav	DISTRESS
129.wav	DISTRESS
130.wav	DISTRESS
131.wav	DISTRESS
132.wav	DISTRESS
133.wav	DISTRESS
134.wav	DISTRESS
135.wav	DISTRESS
136.wav	DISTRESS
137.wav	DISTRESS
138.wav	DISTRESS
139.wav	DISTRESS
140.wav	DISTRESS
141.wav	DISTRESS
142.wav	DISTRESS
143.wav	DISTRESS
144.wav	DISTRESS
145.wav	DISTRESS
146.wav	DISTRESS
147.wav	DISTRESS
148.wav	DISTRESS
149.wav	DISTRESS
150.wav	DISTRESS
151.wav	DISTRESS
152.wav	DISTRESS
153.wav	DISTRESS
154.wav	DISTRESS
155.wav	DISTRESS
156.wav	DISTRESS
157.wav	DISTRESS
158.wav	DISTRESS
159.wav	DISTRESS
160.wav	DISTRESS
161.wav	DISTRESS
162.wav	DISTRESS
163.wav	DISTRESS
164.wav	DISTRESS
165.wav	DISTRESS
166.wav	DISTRESS
167.wav	DISTRESS
168.wav	DISTRESS
169.wav	DISTRESS
170.wav	DISTRESS
171.wav	DISTRESS
172.wav	DISTRESS
173.wav	DISTRESS
174.wav	DISTRESS
175.wav	DISTRESS
176.wav	DISTRESS
177.wav	DISTRESS
178.wav	DISTRESS
179.wav	DISTRESS
180.wav	DISTRESS
181.wav	DISTRESS
182.wav	DISTRESS
183.wav	DISTRESS
184.wav	DISTRESS
185.wav	DISTRESS
186.wav	DISTRESS
187.wav	DISTRESS
188.wav	DISTRESS
189.wav	DISTRESS
190.wav	DISTRESS
191.wav	DISTRESS
192.wav	DISTRESS
193.wav	DISTRESS
194.wav	DISTRESS
195.wav	DISTRESS
196.wav	DISTRESS
197.wav	DISTRESS
198.wav	DISTRESS
199.wav	DISTRESS
200.wav	DISTRESS
201.wav	DISTRESS
202.wav	DISTRESS
203.wav	DISTRESS
204.wav	DISTRESS
205.wav	DISTRESS
206.wav	DISTRESS
207.wav	DISTRESS
208.wav	DISTRESS
209.wav	DISTRESS
210.wav	DISTRESS
211.wav	DISTRESS
212.wav	DISTRESS
213.wav	DISTRESS
214.wav	DISTRESS
215.wav	DISTRESS
216.wav	DISTRESS
217.wav	DISTRESS
218.wav	DISTRESS
219.wav	DISTRESS
220.wav	DISTRESS
221.wav	DISTRESS
222.wav	DISTRESS
223.wav	DISTRESS
224.wav	DISTRESS
225.wav	DISTRESS
226.wav	DISTRESS
227.wav	DISTRESS
228.wav	DISTRESS
229.wav	DISTRESS
230.wav	DISTRESS
231.wav	DISTRESS
232.wav	DISTRESS
233.wav	DISTRESS
234.wav	DISTRESS
235.wav	DISTRESS
236.wav	DISTRESS
237.wav	DISTRESS
238.wav	DISTRESS
239.wav	DISTRESS
240.wav	DISTRESS
241.wav	DISTRESS
242.wav	DISTRESS
243.wav	DISTRESS
244.wav	DISTRESS
245.wav	DISTRESS
246.wav	DISTRESS
247.wav	DISTRESS
248.wav	DISTRESS
249.wav	DISTRESS
250.wav	DISTRESS
251.wav	DISTRESS
252.wav	DISTRESS
253.wav	DISTRESS
254.wav	DISTRESS
255.wav	DISTRESS
256.wav	DISTRESS
257.wav	DISTRESS
258.wav	DISTRESS
259.wav	DISTRESS
260.wav	DISTRESS
261.wav	DISTRESS
262.wav	DISTRESS
263.wav	DISTRESS
264.wav	DISTRESS
265.wav	DISTRESS
266.wav	DISTRESS
267.wav	DISTRESS
268.wav	DISTRESS
269.wav	DISTRESS
270.wav	DISTRESS
271.wav	DISTRESS
272.wav	DISTRESS
273.wav	DISTRESS
274.wav	DISTRESS
275.wav	DISTRESS
276.wav	DISTRESS
277.wav	DISTRESS
278.wav	DISTRESS
279.wav	DISTRESS
280.wav	DISTRESS
281.wav	DISTRESS
282.wav	DISTRESS
283.wav	DISTRESS
284.wav	DISTRESS
285.wav	DISTRESS
286.wav	DISTRESS
287.wav	DISTRESS
288.wav	DISTRESS
289.wav	DISTRESS
290.wav	DISTRESS
291.wav	DISTRESS
292.wav	DISTRESS
293.wav	DISTRESS
294.wav	DISTRESS
295.wav	DISTRESS
296.wav	DISTRESS
297.wav	DISTRESS
298.wav	DISTRESS
299.wav	DISTRESS
300.wav	DISTRESS
301.wav	DISTRESS
302.wav	DISTRESS
303.wav	DISTRESS
304.wav	DISTRESS
305.wav	DISTRESS
306.wav	DISTRESS
307.wav	DISTRESS
308.wav	DISTRESS
309.wav	DISTRESS
310.wav	DISTRESS
311.wav	DISTRESS
312.wav	DISTRESS
313.wav	DISTRESS
314.wav	DISTRESS
315.wav	DISTRESS
316.wav	DISTRESS
317.wav	DISTRESS
318.wav	DISTRESS
319.wav	DISTRESS
320.wav	DISTRESS
321.wav	DISTRESS
322.wav	DISTRESS
323.wav	DISTRESS
324.wav	DISTRESS
325.wav	DISTRESS
326.wav	DISTRESS
327.wav	DISTRESS
328.wav	DISTRESS
329.wav	DISTRESS
330.wav	DISTRESS
331.wav	DISTRESS
332.wav	DISTRESS
333.wav	DISTRESS
334.wav	DISTRESS
335.wav	DISTRESS
336.wav	DISTRESS
337.wav	DISTRESS
338.wav	DISTRESS
339.wav	DISTRESS
340.wav	DISTRESS
341.wav	DISTRESS
342.wav	DISTRESS
343.wav	DISTRESS
344.wav	DISTRESS
345.wav	DISTRESS
346.wav	DISTRESS
347.wav	DISTRESS
348.wav	DISTRESS
349.wav	DISTRESS
350.wav	DISTRESS
351.wav	DISTRESS
352.wav	DISTRESS
353.wav	DISTRESS
354.wav	DISTRESS
355.wav	DISTRESS
356.wav	DISTRESS
357.wav	DISTRESS
358.wav	DISTRESS
359.wav	DISTRESS
360.wav	DISTRESS
361.wav	DISTRESS
362.wav	DISTRESS
363.wav	DISTRESS
364.wav	DISTRESS
365.wav	DISTRESS
366.wav	DISTRESS
367.wav	DISTRESS
368.wav	DISTRESS
369.wav	DISTRESS
370.wav	DISTRESS
371.wav	DISTRESS
372.wav	DISTRESS
373.wav	DISTRESS
374.wav	DISTRESS
375.wav	DISTRESS
376.wav	DISTRESS
377.wav	DISTRESS
378.wav	DISTRESS
379.wav	DISTRESS
380.wav	DISTRESS
381.wav	DISTRESS
382.wav	DISTRESS
383.wav	DISTRESS
384.wav	DISTRESS
385.wav	DISTRESS
386.wav	DISTRESS
387.wav	DISTRESS
388.wav	DISTRESS
389.wav	DISTRESS
390.wav	DISTRESS
391.wav	DISTRESS
392.wav	DISTRESS
393.wav	DISTRESS
394.wav	DISTRESS
395.wav	DISTRESS
396.wav	DISTRESS
397.wav	DISTRESS
398.wav	DISTRESS
399.wav	DISTRESS
400.wav	DISTRESS
401.wav	DISTRESS
402.wav	DISTRESS
403.wav	DISTRESS
404.wav	DISTRESS
405.wav	DISTRESS
406.wav	DISTRESS
407.wav	DISTRESS
408.wav	DISTRESS
409.wav	DISTRESS
410.wav	DISTRESS
411.wav	DISTRESS
412.wav	DISTRESS
413.wav	DISTRESS
414.wav	DISTRESS
415.wav	DISTRESS
416.wav	DISTRESS
417.wav	DISTRESS
418.wav	DISTRESS
419.wav	DISTRESS
420.wav	DISTRESS
421.wav	DISTRESS
422.wav	DISTRESS
423.wav	DISTRESS
424.wav	DISTRESS
425.wav	DISTRESS
426.wav	DISTRESS
427.wav	DISTRESS
428.wav	DISTRESS
429.wav	DISTRESS
430.wav	DISTRESS
431.wav	DISTRESS
432.wav	DISTRESS
433.wav	DISTRESS
434.wav	DISTRESS
435.wav	DISTRESS
436.wav	DISTRESS
437.wav	DISTRESS
438.wav	DISTRESS
439.wav	DISTRESS
440.wav	DISTRESS
441.wav	DISTRESS
442.wav	DISTRESS
443.wav	DISTRESS
444.wav	DISTRESS
445.wav	DISTRESS
446.wav	DISTRESS
447.wav	DISTRESS
448.wav	DISTRESS
449.wav	DISTRESS
450.wav	DISTRESS
451.wav	DISTRESS
452.wav	DISTRESS
453.wav	DISTRESS
454.wav	DISTRESS
455.wav	DISTRESS
456.wav	DISTRESS
457.wav	DISTRESS
458.wav	DISTRESS
459.wav	DISTRESS
460.wav	DISTRESS
461.wav	DISTRESS
462.wav	DISTRESS
463.wav	DISTRESS
464.wav	DISTRESS
465.wav	DISTRESS
466.wav	DISTRESS
467.wav	DISTRESS
468.wav	DISTRESS
469.wav	DISTRESS
470.wav	DISTRESS
471.wav	DISTRESS
472.wav	DISTRESS
473.wav	DISTRESS
474.wav	DISTRESS
475.wav	DISTRESS
476.wav	DISTRESS
477.wav	DISTRESS
478.wav	DISTRESS
479.wav	DISTRESS
480.wav	DISTRESS
481.wav	DISTRESS
482.wav	DISTRESS
483.wav	DISTRESS
484.wav	DISTRESS
485.wav	DISTRESS
486.wav	DISTRESS
487.wav	DISTRESS
488.wav	DISTRESS
489.wav	DISTRESS
490.wav	DISTRESS
491.wav	DISTRESS
492.wav	DISTRESS
493.wav	DISTRESS
494.wav	DISTRESS
495.wav	DISTRESS
496.wav	DISTRESS
497.wav	DISTRESS
498.wav	DISTRESS
499.wav	DISTRESS
500.wav	DISTRESS
501.wav	DISTRESS
502.wav	DISTRESS
503.wav	DISTRESS
504.wav	DISTRESS
505.wav	DISTRESS
506.wav	DISTRESS
507.wav	DISTRESS
508.wav	DISTRESS
509.wav	DISTRESS
510.wav	DISTRESS
511.wav	DISTRESS
512.wav	DISTRESS
513.wav	DISTRESS
514.wav	DISTRESS
515.wav	DISTRESS
516.wav	DISTRESS
517.wav	DISTRESS
518.wav	DISTRESS
519.wav	DISTRESS
520.wav	DISTRESS
521.wav	DISTRESS
522.wav	DISTRESS
523.wav	DISTRESS
524.wav	DISTRESS
525.wav	DISTRESS
526.wav	DISTRESS
527.wav	DISTRESS
528.wav	DISTRESS
529.wav	DISTRESS
530.wav	DISTRESS
531.wav	DISTRESS
532.wav	DISTRESS
533.wav	DISTRESS
534.wav	DISTRESS
535.wav	DISTRESS
536.wav	DISTRESS
537.wav	DISTRESS
538.wav	DISTRESS
539.wav	DISTRESS
540.wav	DISTRESS
541.wav	DISTRESS
542.wav	DISTRESS
543.wav	DISTRESS
544.wav	DISTRESS
545.wav	DISTRESS
546.wav	DISTRESS
547.wav	DISTRESS
548.wav	DISTRESS
549.wav	DISTRESS
550.wav	DISTRESS
551.wav	DISTRESS
552.wav	DISTRESS
553.wav	DISTRESS
554.wav	DISTRESS
555.wav	DISTRESS
556.wav	DISTRESS
557.wav	DISTRESS
558.wav	DISTRESS
559.wav	DISTRESS
560.wav	DISTRESS
561.wav	DISTRESS
562.wav	DISTRESS
563.wav	DISTRESS
564.wav	DISTRESS
565.wav	DISTRESS
566.wav	DISTRESS
567.wav	DISTRESS
568.wav	DISTRESS
569.wav	DISTRESS
570.wav	DISTRESS
571.wav	DISTRESS
572.wav	DISTRESS
573.wav	DISTRESS
574.wav	DISTRESS
575.wav	DISTRESS
576.wav	DISTRESS
577.wav	DISTRESS
578.wav	DISTRESS
579.wav	DISTRESS
580.wav	DISTRESS
581.wav	DISTRESS
582.wav	DISTRESS
583.wav	DISTRESS
584.wav	DISTRESS
585.wav	DISTRESS
586.wav	DISTRESS
587.wav	DISTRESS
588.wav	DISTRESS
589.wav	DISTRESS
590.wav	DISTRESS
591.wav	DISTRESS
592.wav	DISTRESS
593.wav	DISTRESS
594.wav	DISTRESS
595.wav	DISTRESS
596.wav	DISTRESS
597.wav	DISTRESS
598.wav	DISTRESS
599.wav	DISTRESS
600.wav	DISTRESS
601.wav	DISTRESS
602.wav	DISTRESS
603.wav	DISTRESS
604.wav	DISTRESS
605.wav	DISTRESS
606.wav	DISTRESS
607.wav	DISTRESS
608.wav	DISTRESS
609.wav	DISTRESS
610.wav	DISTRESS
611.wav	DISTRESS
612.wav	DISTRESS
613.wav	DISTRESS
614.wav	DISTRESS
615.wav	DISTRESS
616.wav	DISTRESS
617.wav	DISTRESS
618.wav	DISTRESS
619.wav	DISTRESS
620.wav	DISTRESS
621.wav	DISTRESS
622.wav	DISTRESS
623.wav	DISTRESS
624.wav	DISTRESS
625.wav	DISTRESS
626.wav	DISTRESS
627.wav	DISTRESS
628.wav	DISTRESS
629.wav	DISTRESS
630.wav	DISTRESS
631.wav	DISTRESS
632.wav	DISTRESS
633.wav	DISTRESS
634.wav	DISTRESS
635.wav	DISTRESS
636.wav	DISTRESS
637.wav	DISTRESS
638.wav	DISTRESS
639.wav	DISTRESS
640.wav	DISTRESS
641.wav	DISTRESS
642.wav	DISTRESS
643.wav	DISTRESS
644.wav	DISTRESS
645.wav	DISTRESS
646.wav	DISTRESS
647.wav	DISTRESS
648.wav	DISTRESS
649.wav	DISTRESS
650.wav	DISTRESS
651.wav	DISTRESS
652.wav	DISTRESS
653.wav	DISTRESS
654.wav	DISTRESS
655.wav	DISTRESS
656.wav	DISTRESS
657.wav	DISTRESS
658.wav	DISTRESS
659.wav	DISTRESS
660.wav	DISTRESS
661.wav	DISTRESS
662.wav	DISTRESS
663.wav	DISTRESS
664.wav	DISTRESS
665.wav	DISTRESS
666.wav	DISTRESS
667.wav	DISTRESS
668.wav	DISTRESS
669.wav	DISTRESS
670.wav	DISTRESS
671.wav	DISTRESS
672.wav	DISTRESS
673.wav	DISTRESS
674.wav	DISTRESS
675.wav	DISTRESS
676.wav	DISTRESS
677.wav	DISTRESS
678.wav	DISTRESS
679.wav	DISTRESS
680.wav	DISTRESS
681.wav	DISTRESS
682.wav	DISTRESS
683.wav	DISTRESS
684.wav	DISTRESS
685.wav	DISTRESS
686.wav	DISTRESS
687.wav	DISTRESS
688.wav	DISTRESS
689.wav	DISTRESS
690.wav	DISTRESS
691.wav	DISTRESS
692.wav	DISTRESS
693.wav	DISTRESS
694.wav	DISTRESS
695.wav	DISTRESS
696.wav	DISTRESS
697.wav	DISTRESS
698.wav	DISTRESS
699.wav	DISTRESS
700.wav	DISTRESS
701.wav	DISTRESS
702.wav	DISTRESS
703.wav	DISTRESS
704.wav	DISTRESS
705.wav	DISTRESS
706.wav	DISTRESS
707.wav	DISTRESS
708.wav	DISTRESS
709.wav	DISTRESS
710.wav	DISTRESS
711.wav	DISTRESS
712.wav	DISTRESS
713.wav	DISTRESS
714.wav	DISTRESS
715.wav	DISTRESS
716.wav	DISTRESS
717.wav	DISTRESS
718.wav	DISTRESS
719.wav	DISTRESS
720.wav	DISTRESS
721.wav	DISTRESS
722.wav	DISTRESS
723.wav	DISTRESS
724.wav	DISTRESS
725.wav	DISTRESS
726.wav	DISTRESS
727.wav	DISTRESS
728.wav	DISTRESS
729.wav	DISTRESS
730.wav	DISTRESS
731.wav	DISTRESS
732.wav	DISTRESS
733.wav	DISTRESS
734.wav	DISTRESS
735.wav	DISTRESS
736.wav	DISTRESS
737.wav	DISTRESS
738.wav	DISTRESS
739.wav	DISTRESS
740.wav	DISTRESS
741.wav	DISTRESS
742.wav	DISTRESS
743.wav	DISTRESS
744.wav	DISTRESS
745.wav	DISTRESS
746.wav	DISTRESS
747.wav	DISTRESS
748.wav	DISTRESS
749.wav	DISTRESS
750.wav	DISTRESS
751.wav	DISTRESS
752.wav	DISTRESS
753.wav	DISTRESS
754.wav	DISTRESS
755.wav	DISTRESS
756.wav	DISTRESS
757.wav	DISTRESS
758.wav	DISTRESS
759.wav	DISTRESS
760.wav	DISTRESS
761.wav	DISTRESS
762.wav	DISTRESS
763.wav	DISTRESS
764.wav	DISTRESS
765.wav	DISTRESS
766.wav	DISTRESS
767.wav	DISTRESS
768.wav	DISTRESS
769.wav	DISTRESS
770.wav	DISTRESS
771.wav	DISTRESS
772.wav	DISTRESS
773.wav	DISTRESS
774.wav	DISTRESS
775.wav	DISTRESS
776.wav	DISTRESS
777.wav	DISTRESS
778.wav	DISTRESS
779.wav	DISTRESS
780.wav	DISTRESS
781.wav	DISTRESS
782.wav	DISTRESS
783.wav	DISTRESS
784.wav	DISTRESS
785.wav	DISTRESS
786.wav	DISTRESS
787.wav	DISTRESS
788.wav	DISTRESS
789.wav	DISTRESS
790.wav	DISTRESS
791.wav	DISTRESS
792.wav	DISTRESS
793.wav	DISTRESS
794.wav	DISTRESS
795.wav	DISTRESS
796.wav	DISTRESS
797.wav	DISTRESS
798.wav	DISTRESS
799.wav	DISTRESS
800.wav	DISTRESS
801.wav	DISTRESS
802.wav	DISTRESS
803.wav	DISTRESS
804.wav	DISTRESS
805.wav	DISTRESS
806.wav	DISTRESS
807.wav	DISTRESS
808.wav	DISTRESS
809.wav	DISTRESS
810.wav	DISTRESS
811.wav	DISTRESS
812.wav	DISTRESS
813.wav	DISTRESS
814.wav	DISTRESS
815.wav	DISTRESS
816.wav	DISTRESS
817.wav	DISTRESS
818.wav	DISTRESS
819.wav	DISTRESS
820.wav	DISTRESS
821.wav	DISTRESS
822.wav	DISTRESS
823.wav	DISTRESS
824.wav	DISTRESS
825.wav	DISTRESS
826.wav	DISTRESS
827.wav	DISTRESS
828.wav	DISTRESS
829.wav	DISTRESS
830.wav	DISTRESS
831.wav	DISTRESS
832.wav	DISTRESS
833.wav	DISTRESS
834.wav	DISTRESS
835.wav	DISTRESS
836.wav	DISTRESS
837.wav	DISTRESS
838.wav	DISTRESS
839.wav	DISTRESS
840.wav	DISTRESS
841.wav	DISTRESS
842.wav	DISTRESS
843.wav	DISTRESS
844.wav	DISTRESS
845.wav	DISTRESS
846.wav	DISTRESS
847.wav	DISTRESS
848.wav	DISTRESS
849.wav	DISTRESS
850.wav	DISTRESS
851.wav	DISTRESS
852.wav	DISTRESS
853.wav	DISTRESS
854.wav	DISTRESS
855.wav	DISTRESS
856.wav	DISTRESS
857.wav	DISTRESS
858.wav	DISTRESS
859.wav	DISTRESS
860.wav	DISTRESS
861.wav	DISTRESS
862.wav	DISTRESS
863.wav	DISTRESS
864.wav	DISTRESS
865.wav	DISTRESS
866.wav	DISTRESS
867.wav	DISTRESS
868.wav	DISTRESS
869.wav	DISTRESS
870.wav	DISTRESS
871.wav	DISTRESS
872.wav	DISTRESS
873.wav	DISTRESS
874.wav	DISTRESS
875.wav	DISTRESS
876.wav	DISTRESS
877.wav	DISTRESS
878.wav	DISTRESS
879.wav	DISTRESS
880.wav	DISTRESS
881.wav	DISTRESS
882.wav	DISTRESS
883.wav	DISTRESS
884.wav	DISTRESS
885.wav	DISTRESS
886.wav	DISTRESS
887.wav	DISTRESS
888.wav	DISTRESS
889.wav	DISTRESS
890.wav	DISTRESS
891.wav	DISTRESS
892.wav	DISTRESS
893.wav	DISTRESS
894.wav	DISTRESS
895.wav	DISTRESS
896.wav	DISTRESS
897.wav	DISTRESS
898.wav	DISTRESS
899.wav	DISTRESS
900.wav	DISTRESS
901.wav	DISTRESS
902.wav	DISTRESS
903.wav	DISTRESS
904.wav	DISTRESS
905.wav	DISTRESS
906.wav	DISTRESS
907.wav	DISTRESS
908.wav	DISTRESS
909.wav	DISTRESS
910.wav	DISTRESS
911.wav	DISTRESS
912.wav	DISTRESS
913.wav	DISTRESS
914.wav	DISTRESS
915.wav	DISTRESS
916.wav	DISTRESS
917.wav	DISTRESS
918.wav	DISTRESS
919.wav	DISTRESS
920.wav	DISTRESS
921.wav	DISTRESS
922.wav	DISTRESS
923.wav	DISTRESS
924.wav	DISTRESS
925.wav	DISTRESS
926.wav	DISTRESS
927.wav	DISTRESS
928.wav	DISTRESS
929.wav	DISTRESS
930.wav	DISTRESS
931.wav	DISTRESS
932.wav	DISTRESS
933.wav	DISTRESS
934.wav	DISTRESS
935.wav	DISTRESS
936.wav	DISTRESS
937.wav	DISTRESS
938.wav	DISTRESS
939.wav	DISTRESS
940.wav	DISTRESS
941.wav	DISTRESS
942.wav	DISTRESS
943.wav	DISTRESS
944.wav	DISTRESS
945.wav	DISTRESS
946.wav	DISTRESS
947.wav	DISTRESS
948.wav	DISTRESS
949.wav	DISTRESS
950.wav	DISTRESS
951.wav	DISTRESS
952.wav	DISTRESS
953.wav	DISTRESS
954.wav	DISTRESS
955.wav	DISTRESS
956.wav	DISTRESS
957.wav	DISTRESS
958.wav	DISTRESS
959.wav	DISTRESS
960.wav	DISTRESS
961.wav	DISTRESS
962.wav	DISTRESS
963.wav	DISTRESS
964.wav	DISTRESS
965.wav	DISTRESS
966.wav	DISTRESS
967.wav	DISTRESS
968.wav	DISTRESS
969.wav	DISTRESS
970.wav	DISTRESS
971.wav	DISTRESS
972.wav	DISTRESS
973.wav	DISTRESS
974.wav	DISTRESS
975.wav	DISTRESS
976.wav	DISTRESS
977.wav	DISTRESS
978.wav	DISTRESS
979.wav	DISTRESS
980.wav	DISTRESS
981.wav	DISTRESS
982.wav	DISTRESS
983.wav	DISTRESS
984.wav	DISTRESS
985.wav	DISTRESS
986.wav	DISTRESS
987.wav	DISTRESS
988.wav	DISTRESS
989.wav	DISTRESS
990.wav	DISTRESS
991.wav	DISTRESS
992.wav	DISTRESS
993.wav	DISTRESS
994.wav	DISTRESS
995.wav	DISTRESS
996.wav	DISTRESS
997.wav	DISTRESS
998.wav	DISTRESS
999.wav	DISTRESS
1000.wav	DISTRESS
1001.wav	DISTRESS
1002.wav	DISTRESS
1003.wav	DISTRESS
1004.wav	DISTRESS
1005.wav	DISTRESS
1006.wav	DISTRESS
1007.wav	DISTRESS
1008.wav	DISTRESS
1009.wav	DISTRESS
1010.wav	DISTRESS
1011.wav	DISTRESS
1012.wav	DISTRESS
1013.wav	DISTRESS
1014.wav	DISTRESS
1015.wav	DISTRESS
1016.wav	DISTRESS
1017.wav	DISTRESS
1018.wav	DISTRESS
1019.wav	DISTRESS
1020.wav	DISTRESS
1021.wav	DISTRESS
1022.wav	DISTRESS
1023.wav	DISTRESS
1024.wav	DISTRESS
1025.wav	DISTRESS
1026.wav	DISTRESS
1027.wav	DISTRESS
1028.wav	DISTRESS
1029.wav	DISTRESS
1030.wav	DISTRESS
1031.wav	DISTRESS
1032.wav	DISTRESS
1033.wav	DISTRESS
1034.wav	DISTRESS
1035.wav	DISTRESS
1036.wav	DISTRESS
1037.wav	DISTRESS
1038.wav	DISTRESS
1039.wav	DISTRESS
1040.wav	DISTRESS
1041.wav	DISTRESS
1042.wav	DISTRESS
1043.wav	DISTRESS
1044.wav	DISTRESS
1045.wav	DISTRESS
1046.wav	DISTRESS
1047.wav	DISTRESS
1048.wav	DISTRESS
1049.wav	DISTRESS
1050.wav	DISTRESS
1051.wav	DISTRESS
1052.wav	DISTRESS
1053.wav	DISTRESS
1054.wav	DISTRESS
1055.wav	DISTRESS
1056.wav	DISTRESS
1057.wav	DISTRESS
1058.wav	DISTRESS
1059.wav	DISTRESS
1060.wav	DISTRESS
1061.wav	DISTRESS
1062.wav	DISTRESS
1063.wav	DISTRESS
1064.wav	DISTRESS
1065.wav	DISTRESS
1066.wav	DISTRESS
1067.wav	DISTRESS
1068.wav	DISTRESS
1069.wav	DISTRESS
1070.wav	DISTRESS
1071.wav	DISTRESS
1072.wav	DISTRESS
1073.wav	DISTRESS
1074.wav	DISTRESS
1075.wav	DISTRESS
1076.wav	DISTRESS
1077.wav	DISTRESS
1078.wav	DISTRESS
1079.wav	DISTRESS
1080.wav	DISTRESS
1081.wav	DISTRESS
1082.wav	DISTRESS
1083.wav	DISTRESS
1084.wav	DISTRESS
1085.wav	DISTRESS
1086.wav	DISTRESS
1087.wav	DISTRESS
1088.wav	DISTRESS
1089.wav	DISTRESS
1090.wav	DISTRESS
1091.wav	DISTRESS
1092.wav	DISTRESS
1093.wav	DISTRESS
1094.wav	DISTRESS
1095.wav	DISTRESS
1096.wav	DISTRESS
1097.wav	DISTRESS
1098.wav	DISTRESS
1099.wav	DISTRESS
1100.wav	DISTRESS
1101.wav	DISTRESS
1102.wav	DISTRESS
1103.wav	DISTRESS
1104.wav	DISTRESS
1105.wav	DISTRESS
1106.wav	DISTRESS
1107.wav	DISTRESS
1108.wav	DISTRESS
1109.wav	DISTRESS
1110.wav	DISTRESS
1111.wav	DISTRESS
1112.wav	DISTRESS
1113.wav	DISTRESS
1114.wav	DISTRESS
1115.wav	DISTRESS
1116.wav	DISTRESS
1117.wav	DISTRESS
1118.wav	DISTRESS
1119.wav	DISTRESS
1120.wav	DISTRESS
1121.wav	DISTRESS
1122.wav	DISTRESS
1123.wav	DISTRESS
1124.wav	DISTRESS
1125.wav	DISTRESS
1126.wav	DISTRESS
1127.wav	DISTRESS
1128.wav	DISTRESS
1129.wav	DISTRESS
1130.wav	DISTRESS
1131.wav	DISTRESS
1132.wav	DISTRESS
1133.wav	DISTRESS
1134.wav	DISTRESS
1135.wav	DISTRESS
1136.wav	DISTRESS
1137.wav	DISTRESS
1138.wav	DISTRESS
1139.wav	DISTRESS
1140.wav	DISTRESS
1141.wav	DISTRESS
1142.wav	SOFT
1143.wav	SOFT
1144.wav	SOFT
1145.wav	SOFT
1146.wav	SOFT
1147.wav	SOFT
1148.wav	SOFT
1149.wav	SOFT
1150.wav	SOFT
1151.wav	SOFT
1152.wav	SOFT
1153.wav	SOFT
1154.wav	SOFT
1155.wav	SOFT
1156.wav	SOFT
1157.wav	SOFT
1158.wav	SOFT
1159.wav	SOFT
1160.wav	SOFT
1161.wav	SOFT
1162.wav	SOFT
1163.wav	SOFT
1164.wav	SOFT
1165.wav	SOFT
1166.wav	SOFT
1167.wav	SOFT
1168.wav	SOFT
1169.wav	SOFT
1170.wav	SOFT
1171.wav	SOFT
1172.wav	SOFT
1173.wav	SOFT
1174.wav	SOFT
1175.wav	SOFT
1176.wav	SOFT
1177.wav	SOFT
1178.wav	SOFT
1179.wav	SOFT
1180.wav	SOFT
1181.wav	SOFT
1182.wav	SOFT
1183.wav	SOFT
1184.wav	SOFT
1185.wav	SOFT
1186.wav	SOFT
1187.wav	SOFT
1188.wav	SOFT
1189.wav	SOFT
1190.wav	SOFT
1191.wav	SOFT
1192.wav	SOFT
1193.wav	SOFT
1194.wav	SOFT
1195.wav	SOFT
1196.wav	SOFT
1197.wav	SOFT
1198.wav	SOFT
1199.wav	SOFT
1200.wav	SOFT
1201.wav	SOFT
1202.wav	SOFT
1203.wav	SOFT
1204.wav	SOFT
1205.wav	SOFT
1206.wav	SOFT
1207.wav	SOFT
1208.wav	SOFT
1209.wav	SOFT
1210.wav	SOFT
1211.wav	SOFT
1212.wav	SOFT
1213.wav	SOFT
1214.wav	SOFT
1215.wav	SOFT
1216.wav	SOFT
1217.wav	SOFT
1218.wav	SOFT
1219.wav	SOFT
1220.wav	SOFT
1221.wav	SOFT
1222.wav	SOFT
1223.wav	SOFT
1224.wav	SOFT
1225.wav	SOFT
1226.wav	SOFT
1227.wav	SOFT
1228.wav	SOFT
1229.wav	SOFT
1230.wav	SOFT
1231.wav	SOFT
1232.wav	SOFT
1233.wav	SOFT
1234.wav	SOFT
1235.wav	SOFT
1236.wav	SOFT
1237.wav	SOFT
1238.wav	SOFT
1239.wav	SOFT
1240.wav	SOFT
1241.wav	SOFT
1242.wav	SOFT
1243.wav	SOFT
1244.wav	SOFT
1245.wav	SOFT
1246.wav	SOFT
1247.wav	SOFT
1248.wav	SOFT
1249.wav	SOFT
1250.wav	SOFT
1251.wav	SOFT
1252.wav	SOFT
1253.wav	SOFT
1254.wav	SOFT
1255.wav	SOFT
1256.wav	SOFT
1257.wav	SOFT
1258.wav	SOFT
1259.wav	SOFT
1260.wav	SOFT
1261.wav	SOFT
1262.wav	SOFT
1263.wav	SOFT
1264.wav	SOFT
1265.wav	SOFT
1266.wav	SOFT
1267.wav	SOFT
1268.wav	SOFT
1269.wav	SOFT
1270.wav	SOFT
1271.wav	SOFT
1272.wav	SOFT
1273.wav	SOFT
1274.wav	SOFT
1275.wav	SOFT
1276.wav	SOFT
1277.wav	SOFT
1278.wav	SOFT
1279.wav	SOFT
1280.wav	SOFT
1281.wav	SOFT
1282.wav	SOFT
1283.wav	SOFT
1284.wav	SOFT
1285.wav	SOFT
1286.wav	SOFT
1287.wav	SOFT
1288.wav	SOFT
1289.wav	SOFT
1290.wav	SOFT
1291.wav	SOFT
1292.wav	SOFT
1293.wav	SOFT
1294.wav	SOFT
1295.wav	SOFT
1296.wav	SOFT
1297.wav	SOFT
1298.wav	SOFT
1299.wav	SOFT
1300.wav	SOFT
1301.wav	SOFT
1302.wav	SOFT
1303.wav	SOFT
1304.wav	SOFT
1305.wav	SOFT
1306.wav	SOFT
1307.wav	SOFT
1308.wav	SOFT
1309.wav	SOFT
1310.wav	SOFT
1311.wav	SOFT
1312.wav	SOFT
1313.wav	SOFT
1314.wav	SOFT
1315.wav	SOFT
1316.wav	SOFT
1317.wav	SOFT
1318.wav	SOFT
1319.wav	SOFT
1320.wav	SOFT
1321.wav	SOFT
1322.wav	SOFT
1323.wav	SOFT
1324.wav	SOFT
1325.wav	SOFT
1326.wav	SOFT
1327.wav	SOFT
1328.wav	SOFT
1329.wav	SOFT
1330.wav	SOFT
1331.wav	SOFT
1332.wav	SOFT
1333.wav	SOFT
1334.wav	SOFT
1335.wav	SOFT
1336.wav	SOFT
1337.wav	SOFT
1338.wav	SOFT
1339.wav	SOFT
1340.wav	SOFT
1341.wav	SOFT
1342.wav	SOFT
1343.wav	SOFT
1344.wav	SOFT
1345.wav	SOFT
1346.wav	SOFT
1347.wav	SOFT
1348.wav	SOFT
1349.wav	SOFT
1350.wav	SOFT
1351.wav	SOFT
1352.wav	SOFT
1353.wav	SOFT
1354.wav	SOFT
1355.wav	SOFT
1356.wav	SOFT
1357.wav	SOFT
1358.wav	SOFT
1359.wav	SOFT
1360.wav	SOFT
1361.wav	SOFT
1362.wav	SOFT
1363.wav	SOFT
1364.wav	SOFT
1365.wav	SOFT
1366.wav	SOFT
1367.wav	SOFT
1368.wav	SOFT
1369.wav	SOFT
1370.wav	SOFT
1371.wav	SOFT
1372.wav	SOFT
1373.wav	SOFT
1374.wav	SOFT
1375.wav	SOFT
1376.wav	SOFT
1377.wav	SOFT
1378.wav	SOFT
1379.wav	SOFT
1380.wav	SOFT
1381.wav	SOFT
1382.wav	SOFT
1383.wav	SOFT
1384.wav	SOFT
1385.wav	SOFT
1386.wav	SOFT
1387.wav	SOFT
1388.wav	SOFT
1389.wav	SOFT
1390.wav	SOFT
1391.wav	SOFT
1392.wav	SOFT
1393.wav	SOFT
1394.wav	SOFT
1395.wav	SOFT
1396.wav	SOFT
1397.wav	SOFT
1398.wav	SOFT
1399.wav	SOFT
1400.wav	SOFT
1401.wav	SOFT
1402.wav	SOFT
1403.wav	SOFT
1404.wav	SOFT
1405.wav	SOFT
1406.wav	SOFT
1407.wav	SOFT
1408.wav	SOFT
1409.wav	SOFT
1410.wav	SOFT
1411.wav	SOFT
1412.wav	SOFT
1413.wav	SOFT
1414.wav	SOFT
1415.wav	SOFT
1416.wav	SOFT
1417.wav	SOFT
1418.wav	SOFT
1419.wav	SOFT
1420.wav	SOFT
1421.wav	SOFT
1422.wav	SOFT
1423.wav	SOFT
1424.wav	SOFT
1425.wav	SOFT
1426.wav	SOFT
1427.wav	SOFT
1428.wav	SOFT
1429.wav	SOFT
1430.wav	SOFT
1431.wav	SOFT
1432.wav	SOFT
1433.wav	SOFT
1434.wav	SOFT
1435.wav	SOFT
1436.wav	SOFT
1437.wav	SOFT
1438.wav	SOFT
1439.wav	SOFT
1440.wav	SOFT
1441.wav	SOFT
1442.wav	SOFT
1443.wav	SOFT
1444.wav	SOFT
1445.wav	SOFT
1446.wav	SOFT
1447.wav	SOFT
1448.wav	SOFT
1449.wav	SOFT
1450.wav	SOFT
1451.wav	SOFT
1452.wav	SOFT
1453.wav	SOFT
1454.wav	SOFT
1455.wav	SOFT
1456.wav	SOFT
1457.wav	SOFT
1458.wav	SOFT
1459.wav	SOFT
1460.wav	SOFT
1461.wav	SOFT
1462.wav	SOFT
1463.wav	SOFT
1464.wav	SOFT
1465.wav	SOFT
1466.wav	SOFT
1467.wav	SOFT
1468.wav	SOFT
1469.wav	SOFT
1470.wav	SOFT
1471.wav	SOFT
1472.wav	SOFT
1473.wav	SOFT
1474.wav	SOFT
1475.wav	SOFT
1476.wav	SOFT
1477.wav	SOFT
1478.wav	SOFT
1479.wav	SOFT
1480.wav	SOFT
1481.wav	SOFT
1482.wav	SOFT
1483.wav	SOFT
1484.wav	SOFT
1485.wav	SOFT
1486.wav	SOFT
1487.wav	SOFT
1488.wav	SOFT
1489.wav	SOFT
1490.wav	SOFT
1491.wav	SOFT
1492.wav	SOFT
1493.wav	SOFT
1494.wav	SOFT
1495.wav	SOFT
1496.wav	SOFT
1497.wav	SOFT
1498.wav	SOFT
1499.wav	SOFT
1500.wav	SOFT
1501.wav	SOFT
1502.wav	SOFT
1503.wav	SOFT
1504.wav	SOFT
1505.wav	SOFT
1506.wav	SOFT
1507.wav	SOFT
1508.wav	SOFT
1509.wav	SOFT
1510.wav	SOFT
1511.wav	SOFT
1512.wav	SOFT
1513.wav	SOFT
1514.wav	SOFT
1515.wav	SOFT
1516.wav	SOFT
1517.wav	SOFT
1518.wav	SOFT
1519.wav	SOFT
1520.wav	SOFT
1521.wav	SOFT
1522.wav	SOFT
1523.wav	SOFT
1524.wav	SOFT
1525.wav	SOFT
1526.wav	SOFT
1527.wav	SOFT
1528.wav	SOFT
1529.wav	SOFT
1530.wav	SOFT
1531.wav	SOFT
1532.wav	SOFT
1533.wav	SOFT
1534.wav	SOFT
1535.wav	SOFT
1536.wav	SOFT
1537.wav	SOFT
1538.wav	SOFT
1539.wav	SOFT
1540.wav	SOFT
1541.wav	SOFT
1542.wav	SOFT
1543.wav	SOFT
1544.wav	SOFT
1545.wav	SOFT
1546.wav	SOFT
1547.wav	SOFT
1548.wav	SOFT
1549.wav	SOFT
1550.wav	SOFT
1551.wav	SOFT
1552.wav	SOFT
1553.wav	SOFT
1554.wav	SOFT
1555.wav	SOFT
1556.wav	SOFT
1557.wav	SOFT
1558.wav	SOFT
1559.wav	SOFT
1560.wav	SOFT
1561.wav	SOFT
1562.wav	SOFT
1563.wav	SOFT
1564.wav	SOFT
1565.wav	SOFT
1566.wav	SOFT
1567.wav	SOFT
1568.wav	SOFT
1569.wav	SOFT
1570.wav	SOFT
1571.wav	SOFT
1572.wav	SOFT
1573.wav	SOFT
1574.wav	SOFT
1575.wav	SOFT
1576.wav	SOFT
1577.wav	SOFT
1578.wav	SOFT
1579.wav	SOFT
1580.wav	SOFT
1581.wav	SOFT
1582.wav	SOFT
1583.wav	SOFT
1584.wav	SOFT
1585.wav	SOFT
1586.wav	SOFT
1587.wav	SOFT
1588.wav	SOFT
1589.wav	SOFT
1590.wav	SOFT
1591.wav	SOFT
1592.wav	SOFT
1593.wav	SOFT
1594.wav	SOFT
1595.wav	SOFT
1596.wav	SOFT
1597.wav	SOFT
1598.wav	SOFT
1599.wav	SOFT
1600.wav	SOFT
1601.wav	SOFT
1602.wav	SOFT
1603.wav	SOFT
1604.wav	SOFT
1605.wav	SOFT
1606.wav	SOFT
1607.wav	SOFT
1608.wav	SOFT
1609.wav	SOFT
1610.wav	SOFT
1611.wav	SOFT
1612.wav	SOFT
1613.wav	SOFT
1614.wav	SOFT
1615.wav	SOFT
1616.wav	SOFT
1617.wav	SOFT
1618.wav	SOFT
1619.wav	SOFT
1620.wav	SOFT
1621.wav	SOFT
1622.wav	SOFT
1623.wav	SOFT
1624.wav	SOFT
1625.wav	SOFT
1626.wav	SOFT
1627.wav	SOFT
1628.wav	SOFT
1629.wav	SOFT
1630.wav	SOFT
1631.wav	SOFT
1632.wav	SOFT
1633.wav	SOFT
1634.wav	SOFT
1635.wav	SOFT
1636.wav	SOFT
1637.wav	SOFT
1638.wav	SOFT
1639.wav	SOFT
1640.wav	SOFT
1641.wav	SOFT
1642.wav	SOFT
1643.wav	SOFT
1644.wav	SOFT
1645.wav	SOFT
1646.wav	SOFT
1647.wav	SOFT
1648.wav	SOFT
1649.wav	SOFT
1650.wav	SOFT
1651.wav	SOFT
1652.wav	SOFT
1653.wav	SOFT
1654.wav	SOFT
1655.wav	SOFT
1656.wav	SOFT
1657.wav	SOFT
1658.wav	SOFT
1659.wav	SOFT
1660.wav	SOFT
1661.wav	SOFT
1662.wav	SOFT
1663.wav	SOFT
1664.wav	SOFT
1665.wav	SOFT
1666.wav	SOFT
1667.wav	SOFT
1668.wav	SOFT
1669.wav	SOFT
1670.wav	SOFT
1671.wav	SOFT
1672.wav	SOFT
1673.wav	SOFT
1674.wav	SOFT
1675.wav	SOFT
1676.wav	SOFT
1677.wav	SOFT
1678.wav	SOFT
1679.wav	SOFT
1680.wav	SOFT
1681.wav	SOFT
1682.wav	SOFT
1683.wav	SOFT
1684.wav	SOFT
1685.wav	SOFT
1686.wav	SOFT
1687.wav	SOFT
1688.wav	SOFT
1689.wav	SOFT
1690.wav	SOFT
1691.wav	SOFT
1692.wav	SOFT
1693.wav	SOFT
1694.wav	SOFT
1695.wav	SOFT
1696.wav	SOFT
1697.wav	SOFT
1698.wav	SOFT
1699.wav	SOFT
1700.wav	SOFT
1701.wav	SOFT
1702.wav	SOFT
1703.wav	SOFT
1704.wav	SOFT
1705.wav	SOFT
1706.wav	SOFT
1707.wav	SOFT
1708.wav	SOFT
1709.wav	SOFT
1710.wav	SOFT
1711.wav	SOFT
1712.wav	SOFT
1713.wav	SOFT
1714.wav	SOFT
1715.wav	SOFT
1716.wav	SOFT
1717.wav	SOFT
1718.wav	SOFT
1719.wav	SOFT
1720.wav	SOFT
1721.wav	SOFT
1722.wav	SOFT
1723.wav	SOFT
1724.wav	SOFT
1725.wav	SOFT
1726.wav	SOFT
1727.wav	SOFT
1728.wav	SOFT
1729.wav	SOFT
1730.wav	SOFT
1731.wav	SOFT
1732.wav	SOFT
1733.wav	SOFT
1734.wav	SOFT
1735.wav	SOFT
1736.wav	SOFT
1737.wav	SOFT
1738.wav	SOFT
1739.wav	SOFT
1740.wav	SOFT
1741.wav	SOFT
1742.wav	SOFT
1743.wav	SOFT
1744.wav	SOFT
1745.wav	SOFT
1746.wav	SOFT
1747.wav	SOFT
1748.wav	SOFT
1749.wav	SOFT
1750.wav	SOFT
1751.wav	SOFT
1752.wav	SOFT
1753.wav	SOFT
1754.wav	SOFT
1755.wav	SOFT
1756.wav	SOFT
1757.wav	SOFT
1758.wav	SOFT
1759.wav	SOFT
1760.wav	SOFT
1761.wav	SOFT
1762.wav	SOFT
1763.wav	SOFT
1764.wav	SOFT
1765.wav	SOFT
1766.wav	SOFT
1767.wav	SOFT
1768.wav	SOFT
1769.wav	SOFT
1770.wav	SOFT
1771.wav	SOFT
1772.wav	SOFT
1773.wav	SOFT
1774.wav	SOFT
1775.wav	SOFT
1776.wav	SOFT
1777.wav	SOFT
1778.wav	SOFT
1779.wav	SOFT
1780.wav	SOFT
1781.wav	SOFT
1782.wav	SOFT
1783.wav	SOFT
1784.wav	SOFT
1785.wav	SOFT
1786.wav	SOFT
1787.wav	SOFT
1788.wav	SOFT
1789.wav	SOFT
1790.wav	SOFT
1791.wav	SOFT
1792.wav	SOFT
1793.wav	SOFT
1794.wav	SOFT
1795.wav	SOFT
1796.wav	SOFT
1797.wav	SOFT
1798.wav	SOFT
1799.wav	SOFT
1800.wav	SOFT
1801.wav	SOFT
1802.wav	SOFT
1803.wav	SOFT
1804.wav	SOFT
1805.wav	SOFT
1806.wav	SOFT
1807.wav	SOFT
1808.wav	SOFT
1809.wav	SOFT
1810.wav	SOFT
1811.wav	SOFT
1812.wav	SOFT
1813.wav	SOFT
1814.wav	SOFT
1815.wav	SOFT
1816.wav	SOFT
1817.wav	SOFT
1818.wav	SOFT
1819.wav	SOFT
1820.wav	SOFT
1821.wav	SOFT
1822.wav	SOFT
1823.wav	SOFT
1824.wav	SOFT
1825.wav	SOFT
1826.wav	SOFT
1827.wav	SOFT
1828.wav	SOFT
1829.wav	SOFT
1830.wav	SOFT
1831.wav	SOFT
1832.wav	SOFT
1833.wav	SOFT
1834.wav	SOFT
1835.wav	SOFT
1836.wav	SOFT
1837.wav	SOFT
1838.wav	SOFT
1839.wav	SOFT
1840.wav	SOFT
1841.wav	SOFT
1842.wav	SOFT
1843.wav	SOFT
1844.wav	SOFT
1845.wav	SOFT
1846.wav	SOFT
1847.wav	SOFT
1848.wav	SOFT
1849.wav	SOFT
1850.wav	SOFT
1851.wav	SOFT
1852.wav	SOFT
1853.wav	SOFT
1854.wav	SOFT
1855.wav	SOFT
1856.wav	SOFT
1857.wav	SOFT
1858.wav	SOFT
1859.wav	SOFT
1860.wav	SOFT
1861.wav	SOFT
1862.wav	SOFT
1863.wav	SOFT
1864.wav	SOFT
1865.wav	SOFT
1866.wav	SOFT
1867.wav	SOFT
1868.wav	SOFT
1869.wav	SOFT
1870.wav	SOFT
1871.wav	SOFT
1872.wav	SOFT
1873.wav	SOFT
1874.wav	SOFT
1875.wav	SOFT
1876.wav	SOFT
1877.wav	SOFT
1878.wav	SOFT
1879.wav	SOFT
1880.wav	SOFT
1881.wav	SOFT
1882.wav	SOFT
1883.wav	SOFT
1884.wav	SOFT
1885.wav	SOFT
1886.wav	SOFT
1887.wav	SOFT
1888.wav	SOFT
1889.wav	SOFT
1890.wav	SOFT
1891.wav	SOFT
1892.wav	SOFT
1893.wav	SOFT
1894.wav	SOFT
1895.wav	SOFT
1896.wav	SOFT
1897.wav	SOFT
1898.wav	SOFT
1899.wav	SOFT
1900.wav	SOFT
1901.wav	SOFT
1902.wav	SOFT
1903.wav	SOFT
1904.wav	SOFT
1905.wav	SOFT
1906.wav	SOFT
1907.wav	SOFT
1908.wav	SOFT
1909.wav	SOFT
1910.wav	SOFT
1911.wav	SOFT
1912.wav	SOFT
1913.wav	SOFT
1914.wav	SOFT
1915.wav	SOFT
1916.wav	SOFT
1917.wav	SOFT
1918.wav	SOFT
1919.wav	SOFT
1920.wav	SOFT
1921.wav	SOFT
1922.wav	SOFT
1923.wav	SOFT
1924.wav	SOFT
1925.wav	SOFT
1926.wav	SOFT
1927.wav	SOFT
1928.wav	SOFT
1929.wav	SOFT
1930.wav	SOFT
1931.wav	SOFT
1932.wav	SOFT
1933.wav	SOFT
1934.wav	SOFT
1935.wav	SOFT
1936.wav	SOFT
1937.wav	SOFT
1938.wav	SOFT
1939.wav	SOFT
1940.wav	SOFT
1941.wav	SOFT
1942.wav	SOFT
1943.wav	SOFT
1944.wav	SOFT
1945.wav	SOFT
1946.wav	SOFT
1947.wav	SOFT
1948.wav	SOFT
1949.wav	SOFT
1950.wav	SOFT
1951.wav	SOFT
1952.wav	SOFT
1953.wav	SOFT
1954.wav	SOFT
1955.wav	SOFT
1956.wav	SOFT
1957.wav	SOFT
1958.wav	SOFT
1959.wav	SOFT
1960.wav	SOFT
1961.wav	SOFT
1962.wav	SOFT
1963.wav	SOFT
1964.wav	SOFT
1965.wav	SOFT
1966.wav	SOFT
1967.wav	SOFT
1968.wav	SOFT
1969.wav	SOFT
1970.wav	SOFT
1971.wav	SOFT
1972.wav	SOFT
1973.wav	SOFT
1974.wav	SOFT
1975.wav	SOFT
1976.wav	SOFT
1977.wav	SOFT
1978.wav	SOFT
1979.wav	SOFT
1980.wav	SOFT
1981.wav	SOFT
1982.wav	SOFT
1983.wav	SOFT
1984.wav	SOFT
1985.wav	SOFT
1986.wav	SOFT
1987.wav	SOFT
1988.wav	SOFT
1989.wav	SOFT
1990.wav	SOFT
1991.wav	SOFT
1992.wav	SOFT
1993.wav	SOFT
1994.wav	SOFT
1995.wav	SOFT
1996.wav	SOFT
1997.wav	SOFT
1998.wav	SOFT
1999.wav	SOFT
2000.wav	SOFT
2001.wav	SOFT
2002.wav	SOFT
2003.wav	SOFT
2004.wav	SOFT
2005.wav	SOFT
2006.wav	SOFT
2007.wav	SOFT
2008.wav	SOFT
2009.wav	SOFT
2010.wav	SOFT
2011.wav	SOFT
2012.wav	SOFT
2013.wav	SOFT
2014.wav	SOFT
2015.wav	SOFT
2016.wav	SOFT
2017.wav	SOFT
2018.wav	SOFT
2019.wav	SOFT
2020.wav	SOFT
2021.wav	SOFT
2022.wav	SOFT
2023.wav	SOFT
2024.wav	SOFT
2025.wav	SOFT
2026.wav	SOFT
2027.wav	SOFT
2028.wav	SOFT
2029.wav	SOFT
2030.wav	SOFT
2031.wav	SOFT
2032.wav	SOFT
2033.wav	SOFT
2034.wav	SOFT
2035.wav	SOFT
2036.wav	SOFT
2037.wav	SOFT
2038.wav	SOFT
2039.wav	SOFT
2040.wav	SOFT
2041.wav	SOFT
2042.wav	SOFT
2043.wav	SOFT
2044.wav	SOFT
2045.wav	SOFT
2046.wav	SOFT
2047.wav	SOFT
2048.wav	SOFT
2049.wav	SOFT
2050.wav	SOFT
2051.wav	SOFT
2052.wav	SOFT
2053.wav	SOFT
2054.wav	SOFT
2055.wav	SOFT
2056.wav	SOFT
2057.wav	SOFT
2058.wav	SOFT
2059.wav	SOFT
2060.wav	SOFT
2061.wav	SOFT
2062.wav	SOFT
2063.wav	SOFT
2064.wav	SOFT
2065.wav	SOFT
2066.wav	SOFT
2067.wav	SOFT
2068.wav	SOFT
2069.wav	SOFT
2070.wav	SOFT
2071.wav	SOFT
2072.wav	SOFT
2073.wav	SOFT
2074.wav	SOFT
2075.wav	SOFT
2076.wav	SOFT
2077.wav	SOFT
2078.wav	SOFT
2079.wav	SOFT
2080.wav	SOFT
2081.wav	SOFT
2082.wav	SOFT
2083.wav	SOFT
2084.wav	SOFT
2085.wav	SOFT
2086.wav	SOFT
2087.wav	SOFT
2088.wav	SOFT
2089.wav	SOFT
2090.wav	SOFT
2091.wav	SOFT
2092.wav	SOFT
2093.wav	SOFT
2094.wav	SOFT
2095.wav	SOFT
2096.wav	SOFT
2097.wav	SOFT
2098.wav	SOFT
2099.wav	SOFT
2100.wav	SOFT
2101.wav	SOFT
2102.wav	SOFT
2103.wav	SOFT
2104.wav	SOFT
2105.wav	SOFT
2106.wav	SOFT
2107.wav	SOFT
2108.wav	SOFT
2109.wav	SOFT
2110.wav	SOFT
2111.wav	SOFT
2112.wav	SOFT
2113.wav	SOFT
2114.wav	SOFT
2115.wav	SOFT
2116.wav	SOFT
2117.wav	SOFT
2118.wav	SOFT
2119.wav	SOFT
2120.wav	SOFT
2121.wav	SOFT
2122.wav	SOFT
2123.wav	SOFT
2124.wav	SOFT
2125.wav	SOFT
2126.wav	SOFT
2127.wav	SOFT
2128.wav	SOFT
2129.wav	SOFT
2130.wav	SOFT
2131.wav	SOFT
2132.wav	SOFT
2133.wav	SOFT
2134.wav	SOFT
2135.wav	SOFT
2136.wav	SOFT
2137.wav	SOFT
2138.wav	SOFT
2139.wav	SOFT
2140.wav	SOFT
2141.wav	SOFT
2142.wav	SOFT
2143.wav	SOFT
2144.wav	SOFT
2145.wav	SOFT
2146.wav	SOFT
2147.wav	SOFT
2148.wav	SOFT
2149.wav	SOFT
2150.wav	SOFT
2151.wav	SOFT
2152.wav	SOFT
2153.wav	SOFT
2154.wav	SOFT
2155.wav	SOFT
2156.wav	SOFT
2157.wav	SOFT
2158.wav	SOFT
2159.wav	SOFT
2160.wav	SOFT
2161.wav	SOFT
2162.wav	SOFT
2163.wav	SOFT
2164.wav	SOFT
2165.wav	SOFT
2166.wav	SOFT
2167.wav	SOFT
2168.wav	SOFT
2169.wav	SOFT
2170.wav	SOFT
2171.wav	SOFT
2172.wav	SOFT
2173.wav	SOFT
2174.wav	SOFT
2175.wav	SOFT
2176.wav	SOFT
2177.wav	SOFT
2178.wav	SOFT
2179.wav	SOFT
2180.wav	SOFT
2181.wav	SOFT
2182.wav	SOFT
2183.wav	SOFT
2184.wav	SOFT
2185.wav	SOFT
2186.wav	SOFT
2187.wav	SOFT
2188.wav	SOFT
2189.wav	SOFT
2190.wav	SOFT
2191.wav	SOFT
2192.wav	SOFT
2193.wav	SOFT
2194.wav	SOFT
2195.wav	SOFT
2196.wav	SOFT
2197.wav	SOFT
2198.wav	SOFT
2199.wav	SOFT
2200.wav	SOFT
2201.wav	SOFT
2202.wav	SOFT
2203.wav	SOFT
2204.wav	SOFT
2205.wav	SOFT
2206.wav	SOFT
2207.wav	SOFT
2208.wav	SOFT
2209.wav	SOFT
2210.wav	SOFT
2211.wav	SOFT
2212.wav	SOFT
2213.wav	SOFT
2214.wav	SOFT
2215.wav	SOFT
2216.wav	SOFT
2217.wav	SOFT
2218.wav	SOFT
2219.wav	SOFT
2220.wav	SOFT
2221.wav	SOFT
2222.wav	SOFT
2223.wav	SOFT
2224.wav	SOFT
2225.wav	SOFT
2226.wav	SOFT
2227.wav	SOFT
2228.wav	SOFT
2229.wav	SOFT
2230.wav	SOFT
2231.wav	SOFT
2232.wav	SOFT
2233.wav	SOFT
2234.wav	SOFT
2235.wav	SOFT
2236.wav	SOFT
2237.wav	SOFT
2238.wav	SOFT
2239.wav	SOFT
2240.wav	SOFT
2241.wav	SOFT
2242.wav	SOFT
2243.wav	SOFT
2244.wav	SOFT
2245.wav	SOFT
2246.wav	SOFT
2247.wav	SOFT
2248.wav	SOFT
2249.wav	SOFT
2250.wav	SOFT
2251.wav	SOFT
2252.wav	SOFT
2253.wav	SOFT
2254.wav	SOFT
2255.wav	SOFT
2256.wav	SOFT
2257.wav	SOFT
2258.wav	SOFT
2259.wav	SOFT
2260.wav	SOFT
2261.wav	SOFT
2262.wav	SOFT
2263.wav	SOFT
2264.wav	SOFT
2265.wav	SOFT
2266.wav	SOFT
2267.wav	SOFT
2268.wav	SOFT
2269.wav	SOFT
2270.wav	SOFT
2271.wav	SOFT
2272.wav	SOFT
2273.wav	SOFT
2274.wav	SOFT
2275.wav	SOFT
2276.wav	SOFT
2277.wav	SOFT
2278.wav	SOFT
2279.wav	SOFT
2280.wav	SOFT
2281.wav	SOFT
2282.wav	SOFT
2283.wav	SOFT
2284.wav	SOFT
2285.wav	SOFT
2286.wav	SOFT
2287.wav	SOFT
2288.wav	SOFT
2289.wav	SOFT
2290.wav	SOFT
2291.wav	SOFT
2292.wav	SOFT
2293.wav	SOFT
2294.wav	SOFT
2295.wav	SOFT
2296.wav	SOFT
2297.wav	SOFT
2298.wav	SOFT
2299.wav	SOFT
2300.wav	SOFT
2301.wav	SOFT
2302.wav	SOFT
2303.wav	SOFT
2304.wav	SOFT
2305.wav	SOFT
2306.wav	SOFT
2307.wav	SOFT
2308.wav	SOFT
2309.wav	SOFT
2310.wav	SOFT
