1581.wav	SOFT
2280.wav	SOFT
303.wav	DISTRESS
1367.wav	SOFT
1748.wav	SOFT
1925.wav	SOFT
2146.wav	SOFT
453.wav	DISTRESS
2040.wav	SOFT
1997.wav	SOFT
446.wav	DISTRESS
1142.wav	SOFT
1129.wav	DISTRESS
1750.wav	SOFT
802.wav	DISTRESS
465.wav	DISTRESS
205.wav	DISTRESS
707.wav	DISTRESS
647.wav	DISTRESS
455.wav	DISTRESS
2002.wav	SOFT
1774.wav	SOFT
2156.wav	SOFT
2062.wav	SOFT
1853.wav	SOFT
935.wav	DISTRESS
1497.wav	SOFT
749.wav	DISTRESS
1516.wav	SOFT
1519.wav	SOFT
1328.wav	SOFT
2255.wav	SOFT
658.wav	DISTRESS
735.wav	DISTRESS
183.wav	DISTRESS
992.wav	DISTRESS
622.wav	DISTRESS
2126.wav	SOFT
823.wav	DISTRESS
2247.wav	SOFT
360.wav	DISTRESS
354.wav	DISTRESS
314.wav	DISTRESS
1413.wav	SOFT
67.wav	DISTRESS
1895.wav	SOFT
389.wav	DISTRESS
1454.wav	SOFT
1132.wav	DISTRESS
1608.wav	SOFT
1840.wav	SOFT
994.wav	DISTRESS
950.wav	DISTRESS
2238.wav	SOFT
2017.wav	SOFT
838.wav	DISTRESS
1815.wav	SOFT
793.wav	DISTRESS
1940.wav	SOFT
1944.wav	SOFT
326.wav	DISTRESS
2284.wav	SOFT
824.wav	DISTRESS
949.wav	DISTRESS
8.wav	DISTRESS
1427.wav	SOFT
1140.wav	DISTRESS
1577.wav	SOFT
18.wav	DISTRESS
639.wav	DISTRESS
1559.wav	SOFT
2152.wav	SOFT
1275.wav	SOFT
2052.wav	SOFT
1481.wav	SOFT
713.wav	DISTRESS
1826.wav	SOFT
1640.wav	SOFT
477.wav	DISTRESS
624.wav	DISTRESS
518.wav	DISTRESS
610.wav	DISTRESS
99.wav	DISTRESS
2259.wav	SOFT
1408.wav	SOFT
43.wav	DISTRESS
1850.wav	SOFT
966.wav	DISTRESS
1165.wav	SOFT
978.wav	DISTRESS
799.wav	DISTRESS
1666.wav	SOFT
2177.wav	SOFT
2043.wav	SOFT
1792.wav	SOFT
1841.wav	SOFT
543.wav	DISTRESS
505.wav	DISTRESS
1155.wav	SOFT
770.wav	DISTRESS
2254.wav	SOFT
367.wav	DISTRESS
1370.wav	SOFT
2256.wav	SOFT
1215.wav	SOFT
1706.wav	SOFT
1759.wav	SOFT
150.wav	DISTRESS
476.wav	DISTRESS
1217.wav	SOFT
719.wav	DISTRESS
1250.wav	SOFT
1304.wav	SOFT
88.wav	DISTRESS
575.wav	DISTRESS
392.wav	DISTRESS
1281.wav	SOFT
192.wav	DISTRESS
1237.wav	SOFT
2125.wav	SOFT
1531.wav	SOFT
835.wav	DISTRESS
1690.wav	SOFT
2218.wav	SOFT
1386.wav	SOFT
2290.wav	SOFT
857.wav	DISTRESS
1880.wav	SOFT
1185.wav	SOFT
1285.wav	SOFT
1332.wav	SOFT
1167.wav	SOFT
76.wav	DISTRESS
2067.wav	SOFT
785.wav	DISTRESS
1295.wav	SOFT
865.wav	DISTRESS
832.wav	DISTRESS
275.wav	DISTRESS
420.wav	DISTRESS
427.wav	DISTRESS
1395.wav	SOFT
1154.wav	SOFT
1099.wav	DISTRESS
1015.wav	DISTRESS
441.wav	DISTRESS
181.wav	DISTRESS
430.wav	DISTRESS
1362.wav	SOFT
110.wav	DISTRESS
79.wav	DISTRESS
2115.wav	SOFT
1888.wav	SOFT
1988.wav	SOFT
456.wav	DISTRESS
1579.wav	SOFT
1872.wav	SOFT
1861.wav	SOFT
1262.wav	SOFT
246.wav	DISTRESS
1462.wav	SOFT
860.wav	DISTRESS
808.wav	DISTRESS
2066.wav	SOFT
1265.wav	SOFT
1971.wav	SOFT
279.wav	DISTRESS
214.wav	DISTRESS
2035.wav	SOFT
1765.wav	SOFT
1463.wav	SOFT
177.wav	DISTRESS
886.wav	DISTRESS
1805.wav	SOFT
1054.wav	DISTRESS
114.wav	DISTRESS
156.wav	DISTRESS
494.wav	DISTRESS
350.wav	DISTRESS
1414.wav	SOFT
873.wav	DISTRESS
104.wav	DISTRESS
19.wav	DISTRESS
888.wav	DISTRESS
977.wav	DISTRESS
1446.wav	SOFT
643.wav	DISTRESS
2101.wav	SOFT
1238.wav	SOFT
1095.wav	DISTRESS
2209.wav	SOFT
629.wav	DISTRESS
573.wav	DISTRESS
772.wav	DISTRESS
650.wav	DISTRESS
400.wav	DISTRESS
2135.wav	SOFT
309.wav	DISTRESS
1336.wav	SOFT
2158.wav	SOFT
1693.wav	SOFT
754.wav	DISTRESS
414.wav	DISTRESS
278.wav	DISTRESS
148.wav	DISTRESS
649.wav	DISTRESS
958.wav	DISTRESS
1595.wav	SOFT
130.wav	DISTRESS
1619.wav	SOFT
1799.wav	SOFT
954.wav	DISTRESS
727.wav	DISTRESS
595.wav	DISTRESS
871.wav	DISTRESS
1565.wav	SOFT
979.wav	DISTRESS
659.wav	DISTRESS
2295.wav	SOFT
1909.wav	SOFT
2106.wav	SOFT
1541.wav	SOFT
2241.wav	SOFT
930.wav	DISTRESS
1081.wav	DISTRESS
1139.wav	DISTRESS
646.wav	DISTRESS
813.wav	DISTRESS
1499.wav	SOFT
330.wav	DISTRESS
300.wav	DISTRESS
2080.wav	SOFT
2167.wav	SOFT
1545.wav	SOFT
1743.wav	SOFT
2142.wav	SOFT
1064.wav	DISTRESS
1380.wav	SOFT
1319.wav	SOFT
255.wav	DISTRESS
371.wav	DISTRESS
1500.wav	SOFT
1604.wav	SOFT
1221.wav	SOFT
571.wav	DISTRESS
1489.wav	SOFT
26.wav	DISTRESS
1923.wav	SOFT
15.wav	DISTRESS
464.wav	DISTRESS
1049.wav	DISTRESS
1871.wav	SOFT
2179.wav	SOFT
1679.wav	SOFT
143.wav	DISTRESS
803.wav	DISTRESS
2065.wav	SOFT
1105.wav	DISTRESS
1447.wav	SOFT
910.wav	DISTRESS
2100.wav	SOFT
2292.wav	SOFT
1267.wav	SOFT
2163.wav	SOFT
2027.wav	SOFT
2181.wav	SOFT
329.wav	DISTRESS
693.wav	DISTRESS
1409.wav	SOFT
580.wav	DISTRESS
1012.wav	DISTRESS
207.wav	DISTRESS
189.wav	DISTRESS
1757.wav	SOFT
1357.wav	SOFT
1889.wav	SOFT
1477.wav	SOFT
1620.wav	SOFT
1875.wav	SOFT
1080.wav	DISTRESS
730.wav	DISTRESS
198.wav	DISTRESS
2234.wav	SOFT
504.wav	DISTRESS
839.wav	DISTRESS
734.wav	DISTRESS
1737.wav	SOFT
165.wav	DISTRESS
536.wav	DISTRESS
1288.wav	SOFT
1558.wav	SOFT
562.wav	DISTRESS
920.wav	DISTRESS
2268.wav	SOFT
1360.wav	SOFT
766.wav	DISTRESS
1855.wav	SOFT
2104.wav	SOFT
1981.wav	SOFT
1089.wav	DISTRESS
695.wav	DISTRESS
288.wav	DISTRESS
1365.wav	SOFT
1292.wav	SOFT
704.wav	DISTRESS
1252.wav	SOFT
273.wav	DISTRESS
1412.wav	SOFT
346.wav	DISTRESS
2003.wav	SOFT
984.wav	DISTRESS
1646.wav	SOFT
2000.wav	SOFT
564.wav	DISTRESS
1079.wav	DISTRESS
1753.wav	SOFT
2079.wav	SOFT
201.wav	DISTRESS
632.wav	DISTRESS
599.wav	DISTRESS
1523.wav	SOFT
1804.wav	SOFT
40.wav	DISTRESS
833.wav	DISTRESS
1637.wav	SOFT
1209.wav	SOFT
1153.wav	SOFT
1443.wav	SOFT
2297.wav	SOFT
361.wav	DISTRESS
1421.wav	SOFT
252.wav	DISTRESS
256.wav	DISTRESS
1090.wav	DISTRESS
321.wav	DISTRESS
1467.wav	SOFT
328.wav	DISTRESS
1723.wav	SOFT
1476.wav	SOFT
1133.wav	DISTRESS
1067.wav	DISTRESS
272.wav	DISTRESS
2279.wav	SOFT
118.wav	DISTRESS
586.wav	DISTRESS
716.wav	DISTRESS
1621.wav	SOFT
900.wav	DISTRESS
48.wav	DISTRESS
1071.wav	DISTRESS
2058.wav	SOFT
2095.wav	SOFT
663.wav	DISTRESS
1045.wav	DISTRESS
2084.wav	SOFT
690.wav	DISTRESS
1835.wav	SOFT
1434.wav	SOFT
796.wav	DISTRESS
1397.wav	SOFT
1282.wav	SOFT
1540.wav	SOFT
459.wav	DISTRESS
698.wav	DISTRESS
1814.wav	SOFT
454.wav	DISTRESS
2198.wav	SOFT
1050.wav	DISTRESS
1056.wav	DISTRESS
556.wav	DISTRESS
236.wav	DISTRESS
815.wav	DISTRESS
229.wav	DISTRESS
1490.wav	SOFT
1204.wav	SOFT
1363.wav	SOFT
1686.wav	SOFT
2090.wav	SOFT
1808.wav	SOFT
20.wav	DISTRESS
2136.wav	SOFT
751.wav	DISTRESS
1626.wav	SOFT
755.wav	DISTRESS
450.wav	DISTRESS
1308.wav	SOFT
1231.wav	SOFT
2262.wav	SOFT
2185.wav	SOFT
1313.wav	SOFT
1033.wav	DISTRESS
794.wav	DISTRESS
1979.wav	SOFT
393.wav	DISTRESS
2264.wav	SOFT
1615.wav	SOFT
267.wav	DISTRESS
1587.wav	SOFT
2161.wav	SOFT
1087.wav	DISTRESS
1102.wav	DISTRESS
506.wav	DISTRESS
1228.wav	SOFT
265.wav	DISTRESS
1093.wav	DISTRESS
1882.wav	SOFT
375.wav	DISTRESS
1302.wav	SOFT
1436.wav	SOFT
2203.wav	SOFT
1458.wav	SOFT
752.wav	DISTRESS
277.wav	DISTRESS
1834.wav	SOFT
2097.wav	SOFT
1512.wav	SOFT
535.wav	DISTRESS
968.wav	DISTRESS
270.wav	DISTRESS
1918.wav	SOFT
1705.wav	SOFT
1184.wav	SOFT
1947.wav	SOFT
805.wav	DISTRESS
1195.wav	SOFT
594.wav	DISTRESS
2123.wav	SOFT
319.wav	DISTRESS
969.wav	DISTRESS
10.wav	DISTRESS
1524.wav	SOFT
922.wav	DISTRESS
426.wav	DISTRESS
1779.wav	SOFT
1600.wav	SOFT
1657.wav	SOFT
74.wav	DISTRESS
1662.wav	SOFT
1389.wav	SOFT
789.wav	DISTRESS
1334.wav	SOFT
1416.wav	SOFT
51.wav	DISTRESS
711.wav	DISTRESS
83.wav	DISTRESS
1381.wav	SOFT
1317.wav	SOFT
285.wav	DISTRESS
522.wav	DISTRESS
1593.wav	SOFT
184.wav	DISTRESS
1721.wav	SOFT
1807.wav	SOFT
1364.wav	SOFT
2217.wav	SOFT
566.wav	DISTRESS
35.wav	DISTRESS
563.wav	DISTRESS
901.wav	DISTRESS
2164.wav	SOFT
660.wav	DISTRESS
56.wav	DISTRESS
2224.wav	SOFT
1186.wav	SOFT
700.wav	DISTRESS
1949.wav	SOFT
1976.wav	SOFT
490.wav	DISTRESS
2070.wav	SOFT
652.wav	DISTRESS
93.wav	DISTRESS
1975.wav	SOFT
1048.wav	DISTRESS
460.wav	DISTRESS
2088.wav	SOFT
84.wav	DISTRESS
1418.wav	SOFT
2025.wav	SOFT
1404.wav	SOFT
1257.wav	SOFT
1793.wav	SOFT
527.wav	DISTRESS
937.wav	DISTRESS
1714.wav	SOFT
541.wav	DISTRESS
1885.wav	SOFT
95.wav	DISTRESS
2014.wav	SOFT
2150.wav	SOFT
1254.wav	SOFT
962.wav	DISTRESS
1912.wav	SOFT
887.wav	DISTRESS
509.wav	DISTRESS
1582.wav	SOFT
967.wav	DISTRESS
1520.wav	SOFT
1210.wav	SOFT
1495.wav	SOFT
449.wav	DISTRESS
841.wav	DISTRESS
2145.wav	SOFT
1973.wav	SOFT
1350.wav	SOFT
1538.wav	SOFT
55.wav	DISTRESS
141.wav	DISTRESS
877.wav	DISTRESS
1247.wav	SOFT
1098.wav	DISTRESS
128.wav	DISTRESS
712.wav	DISTRESS
2215.wav	SOFT
1375.wav	SOFT
2004.wav	SOFT
2042.wav	SOFT
1557.wav	SOFT
315.wav	DISTRESS
784.wav	DISTRESS
1244.wav	SOFT
891.wav	DISTRESS
1273.wav	SOFT
1584.wav	SOFT
2036.wav	SOFT
653.wav	DISTRESS
662.wav	DISTRESS
878.wav	DISTRESS
1766.wav	SOFT
1999.wav	SOFT
153.wav	DISTRESS
1059.wav	DISTRESS
2253.wav	SOFT
1691.wav	SOFT
1730.wav	SOFT
774.wav	DISTRESS
1956.wav	SOFT
1401.wav	SOFT
1697.wav	SOFT
951.wav	DISTRESS
790.wav	DISTRESS
2189.wav	SOFT
1346.wav	SOFT
1116.wav	DISTRESS
1847.wav	SOFT
2289.wav	SOFT
1767.wav	SOFT
1645.wav	SOFT
549.wav	DISTRESS
215.wav	DISTRESS
760.wav	DISTRESS
1117.wav	DISTRESS
2240.wav	SOFT
1264.wav	SOFT
362.wav	DISTRESS
1150.wav	SOFT
228.wav	DISTRESS
1046.wav	DISTRESS
325.wav	DISTRESS
2129.wav	SOFT
694.wav	DISTRESS
1773.wav	SOFT
691.wav	DISTRESS
1351.wav	SOFT
1849.wav	SOFT
403.wav	DISTRESS
1929.wav	SOFT
1.wav	DISTRESS
423.wav	DISTRESS
673.wav	DISTRESS
1235.wav	SOFT
628.wav	DISTRESS
1189.wav	SOFT
1047.wav	DISTRESS
1450.wav	SOFT
121.wav	DISTRESS
1455.wav	SOFT
106.wav	DISTRESS
1242.wav	SOFT
526.wav	DISTRESS
247.wav	DISTRESS
2094.wav	SOFT
1570.wav	SOFT
160.wav	DISTRESS
1708.wav	SOFT
1643.wav	SOFT
600.wav	DISTRESS
2249.wav	SOFT
1429.wav	SOFT
37.wav	DISTRESS
1684.wav	SOFT
2055.wav	SOFT
613.wav	DISTRESS
1746.wav	SOFT
401.wav	DISTRESS
1546.wav	SOFT
975.wav	DISTRESS
168.wav	DISTRESS
123.wav	DISTRESS
2033.wav	SOFT
1169.wav	SOFT
432.wav	DISTRESS
179.wav	DISTRESS
913.wav	DISTRESS
52.wav	DISTRESS
38.wav	DISTRESS
1777.wav	SOFT
197.wav	DISTRESS
1145.wav	SOFT
281.wav	DISTRESS
1315.wav	SOFT
135.wav	DISTRESS
216.wav	DISTRESS
44.wav	DISTRESS
1021.wav	DISTRESS
858.wav	DISTRESS
2283.wav	SOFT
1382.wav	SOFT
906.wav	DISTRESS
500.wav	DISTRESS
1741.wav	SOFT
487.wav	DISTRESS
2204.wav	SOFT
929.wav	DISTRESS
1191.wav	SOFT
483.wav	DISTRESS
1674.wav	SOFT
1051.wav	DISTRESS
2092.wav	SOFT
1202.wav	SOFT
926.wav	DISTRESS
497.wav	DISTRESS
2303.wav	SOFT
846.wav	DISTRESS
788.wav	DISTRESS
499.wav	DISTRESS
983.wav	DISTRESS
911.wav	DISTRESS
1671.wav	SOFT
242.wav	DISTRESS
443.wav	DISTRESS
559.wav	DISTRESS
1114.wav	DISTRESS
1417.wav	SOFT
77.wav	DISTRESS
1407.wav	SOFT
1513.wav	SOFT
2082.wav	SOFT
680.wav	DISTRESS
555.wav	DISTRESS
162.wav	DISTRESS
1372.wav	SOFT
1725.wav	SOFT
180.wav	DISTRESS
75.wav	DISTRESS
2191.wav	SOFT
1072.wav	DISTRESS
2165.wav	SOFT
2172.wav	SOFT
492.wav	DISTRESS
2228.wav	SOFT
753.wav	DISTRESS
129.wav	DISTRESS
2226.wav	SOFT
745.wav	DISTRESS
1688.wav	SOFT
893.wav	DISTRESS
1788.wav	SOFT
681.wav	DISTRESS
1720.wav	SOFT
1744.wav	SOFT
2128.wav	SOFT
1957.wav	SOFT
1131.wav	DISTRESS
116.wav	DISTRESS
1896.wav	SOFT
1863.wav	SOFT
2294.wav	SOFT
1673.wav	SOFT
1937.wav	SOFT
1385.wav	SOFT
1030.wav	DISTRESS
1276.wav	SOFT
1178.wav	SOFT
363.wav	DISTRESS
188.wav	DISTRESS
2047.wav	SOFT
1441.wav	SOFT
1037.wav	DISTRESS
986.wav	DISTRESS
918.wav	DISTRESS
764.wav	DISTRESS
296.wav	DISTRESS
869.wav	DISTRESS
523.wav	DISTRESS
804.wav	DISTRESS
482.wav	DISTRESS
1860.wav	SOFT
1972.wav	SOFT
1641.wav	SOFT
358.wav	DISTRESS
1341.wav	SOFT
174.wav	DISTRESS
368.wav	DISTRESS
191.wav	DISTRESS
800.wav	DISTRESS
1701.wav	SOFT
2008.wav	SOFT
2169.wav	SOFT
974.wav	DISTRESS
1110.wav	DISTRESS
830.wav	DISTRESS
1236.wav	SOFT
2278.wav	SOFT
1143.wav	SOFT
91.wav	DISTRESS
738.wav	DISTRESS
481.wav	DISTRESS
1902.wav	SOFT
668.wav	DISTRESS
1366.wav	SOFT
495.wav	DISTRESS
480.wav	DISTRESS
89.wav	DISTRESS
612.wav	DISTRESS
120.wav	DISTRESS
904.wav	DISTRESS
701.wav	DISTRESS
1914.wav	SOFT
1115.wav	DISTRESS
1785.wav	SOFT
798.wav	DISTRESS
1597.wav	SOFT
1451.wav	SOFT
488.wav	DISTRESS
1533.wav	SOFT
313.wav	DISTRESS
1419.wav	SOFT
756.wav	DISTRESS
1642.wav	SOFT
1842.wav	SOFT
1676.wav	SOFT
915.wav	DISTRESS
2141.wav	SOFT
1052.wav	DISTRESS
411.wav	DISTRESS
1707.wav	SOFT
1843.wav	SOFT
1938.wav	SOFT
1456.wav	SOFT
6.wav	DISTRESS
620.wav	DISTRESS
2064.wav	SOFT
771.wav	DISTRESS
1784.wav	SOFT
1134.wav	DISTRESS
1995.wav	SOFT
631.wav	DISTRESS
491.wav	DISTRESS
507.wav	DISTRESS
885.wav	DISTRESS
724.wav	DISTRESS
1484.wav	SOFT
1199.wav	SOFT
64.wav	DISTRESS
1479.wav	SOFT
606.wav	DISTRESS
2030.wav	SOFT
2144.wav	SOFT
1316.wav	SOFT
126.wav	DISTRESS
1566.wav	SOFT
1822.wav	SOFT
1060.wav	DISTRESS
1233.wav	SOFT
133.wav	DISTRESS
1383.wav	SOFT
90.wav	DISTRESS
1515.wav	SOFT
529.wav	DISTRESS
1858.wav	SOFT
1399.wav	SOFT
457.wav	DISTRESS
2113.wav	SOFT
778.wav	DISTRESS
1424.wav	SOFT
310.wav	DISTRESS
2281.wav	SOFT
645.wav	DISTRESS
2038.wav	SOFT
87.wav	DISTRESS
448.wav	DISTRESS
875.wav	DISTRESS
1877.wav	SOFT
947.wav	DISTRESS
1435.wav	SOFT
1644.wav	SOFT
352.wav	DISTRESS
797.wav	DISTRESS
699.wav	DISTRESS
1727.wav	SOFT
902.wav	DISTRESS
1348.wav	SOFT
1893.wav	SOFT
757.wav	DISTRESS
591.wav	DISTRESS
718.wav	DISTRESS
579.wav	DISTRESS
17.wav	DISTRESS
604.wav	DISTRESS
1163.wav	SOFT
972.wav	DISTRESS
224.wav	DISTRESS
511.wav	DISTRESS
1343.wav	SOFT
1591.wav	SOFT
164.wav	DISTRESS
1149.wav	SOFT
1085.wav	DISTRESS
1040.wav	DISTRESS
589.wav	DISTRESS
268.wav	DISTRESS
633.wav	DISTRESS
32.wav	DISTRESS
1196.wav	SOFT
1890.wav	SOFT
714.wav	DISTRESS
154.wav	DISTRESS
1670.wav	SOFT
374.wav	DISTRESS
2015.wav	SOFT
2212.wav	SOFT
1457.wav	SOFT
1464.wav	SOFT
1977.wav	SOFT
1650.wav	SOFT
1700.wav	SOFT
697.wav	DISTRESS
1025.wav	DISTRESS
2232.wav	SOFT
199.wav	DISTRESS
607.wav	DISTRESS
864.wav	DISTRESS
1879.wav	SOFT
1387.wav	SOFT
1330.wav	SOFT
996.wav	DISTRESS
533.wav	DISTRESS
1585.wav	SOFT
933.wav	DISTRESS
1564.wav	SOFT
1568.wav	SOFT
733.wav	DISTRESS
1969.wav	SOFT
2020.wav	SOFT
1770.wav	SOFT
223.wav	DISTRESS
1016.wav	DISTRESS
1470.wav	SOFT
1547.wav	SOFT
100.wav	DISTRESS
988.wav	DISTRESS
2139.wav	SOFT
1345.wav	SOFT
2286.wav	SOFT
370.wav	DISTRESS
1862.wav	SOFT
1968.wav	SOFT
257.wav	DISTRESS
1283.wav	SOFT
1778.wav	SOFT
1141.wav	DISTRESS
1728.wav	SOFT
1147.wav	SOFT
239.wav	DISTRESS
2074.wav	SOFT
1823.wav	SOFT
1717.wav	SOFT
461.wav	DISTRESS
202.wav	DISTRESS
2069.wav	SOFT
2184.wav	SOFT
2235.wav	SOFT
1352.wav	SOFT
1272.wav	SOFT
1899.wav	SOFT
689.wav	DISTRESS
1491.wav	SOFT
159.wav	DISTRESS
348.wav	DISTRESS
1266.wav	SOFT
1327.wav	SOFT
431.wav	DISTRESS
1503.wav	SOFT
1426.wav	SOFT
1731.wav	SOFT
293.wav	DISTRESS
1525.wav	SOFT
31.wav	DISTRESS
611.wav	DISTRESS
1430.wav	SOFT
1552.wav	SOFT
1989.wav	SOFT
1658.wav	SOFT
1702.wav	SOFT
1710.wav	SOFT
1985.wav	SOFT
1449.wav	SOFT
553.wav	DISTRESS
2157.wav	SOFT
2211.wav	SOFT
1400.wav	SOFT
665.wav	DISTRESS
29.wav	DISTRESS
1007.wav	DISTRESS
2159.wav	SOFT
347.wav	DISTRESS
217.wav	DISTRESS
1311.wav	SOFT
1122.wav	DISTRESS
1612.wav	SOFT
1607.wav	SOFT
782.wav	DISTRESS
1504.wav	SOFT
1695.wav	SOFT
1358.wav	SOFT
2041.wav	SOFT
2140.wav	SOFT
1683.wav	SOFT
2219.wav	SOFT
1754.wav	SOFT
1948.wav	SOFT
1870.wav	SOFT
1137.wav	DISTRESS
195.wav	DISTRESS
1768.wav	SOFT
1511.wav	SOFT
1094.wav	DISTRESS
145.wav	DISTRESS
1058.wav	DISTRESS
1891.wav	SOFT
1933.wav	SOFT
1077.wav	DISTRESS
12.wav	DISTRESS
131.wav	DISTRESS
1290.wav	SOFT
435.wav	DISTRESS
957.wav	DISTRESS
544.wav	DISTRESS
1177.wav	SOFT
274.wav	DISTRESS
2202.wav	SOFT
489.wav	DISTRESS
2103.wav	SOFT
416.wav	DISTRESS
1411.wav	SOFT
1127.wav	DISTRESS
151.wav	DISTRESS
1068.wav	DISTRESS
1992.wav	SOFT
581.wav	DISTRESS
597.wav	DISTRESS
781.wav	DISTRESS
2227.wav	SOFT
1665.wav	SOFT
1726.wav	SOFT
353.wav	DISTRESS
1630.wav	SOFT
1402.wav	SOFT
5.wav	DISTRESS
615.wav	DISTRESS
1309.wav	SOFT
870.wav	DISTRESS
924.wav	DISTRESS
1900.wav	SOFT
1373.wav	SOFT
1772.wav	SOFT
144.wav	DISTRESS
1522.wav	SOFT
1951.wav	SOFT
2233.wav	SOFT
1796.wav	SOFT
248.wav	DISTRESS
1159.wav	SOFT
1556.wav	SOFT
588.wav	DISTRESS
80.wav	DISTRESS
2001.wav	SOFT
2298.wav	SOFT
1996.wav	SOFT
125.wav	DISTRESS
1125.wav	DISTRESS
584.wav	DISTRESS
1307.wav	SOFT
1179.wav	SOFT
702.wav	DISTRESS
366.wav	DISTRESS
2071.wav	SOFT
1904.wav	SOFT
1043.wav	DISTRESS
1747.wav	SOFT
630.wav	DISTRESS
1991.wav	SOFT
1259.wav	SOFT
1212.wav	SOFT
1088.wav	DISTRESS
916.wav	DISTRESS
827.wav	DISTRESS
2195.wav	SOFT
147.wav	DISTRESS
1553.wav	SOFT
1901.wav	SOFT
1314.wav	SOFT
948.wav	DISTRESS
302.wav	DISTRESS
253.wav	DISTRESS
1883.wav	SOFT
1733.wav	SOFT
1651.wav	SOFT
1910.wav	SOFT
1263.wav	SOFT
1783.wav	SOFT
1104.wav	DISTRESS
1032.wav	DISTRESS
519.wav	DISTRESS
1534.wav	SOFT
884.wav	DISTRESS
2291.wav	SOFT
1634.wav	SOFT
390.wav	DISTRESS
2207.wav	SOFT
2307.wav	SOFT
976.wav	DISTRESS
2122.wav	SOFT
1005.wav	DISTRESS
1806.wav	SOFT
2174.wav	SOFT
1554.wav	SOFT
903.wav	DISTRESS
152.wav	DISTRESS
1486.wav	SOFT
1917.wav	SOFT
642.wav	DISTRESS
2026.wav	SOFT
1602.wav	SOFT
2132.wav	SOFT
2138.wav	SOFT
30.wav	DISTRESS
1943.wav	SOFT
743.wav	DISTRESS
1297.wav	SOFT
437.wav	DISTRESS
828.wav	DISTRESS
736.wav	DISTRESS
436.wav	DISTRESS
675.wav	DISTRESS
1894.wav	SOFT
939.wav	DISTRESS
2244.wav	SOFT
786.wav	DISTRESS
105.wav	DISTRESS
1269.wav	SOFT
2287.wav	SOFT
1703.wav	SOFT
1583.wav	SOFT
3.wav	DISTRESS
851.wav	DISTRESS
1811.wav	SOFT
598.wav	DISTRESS
1086.wav	DISTRESS
1694.wav	SOFT
1420.wav	SOFT
1589.wav	SOFT
577.wav	DISTRESS
1118.wav	DISTRESS
1487.wav	SOFT
1911.wav	SOFT
1010.wav	DISTRESS
717.wav	DISTRESS
186.wav	DISTRESS
1466.wav	SOFT
1813.wav	SOFT
1506.wav	SOFT
2205.wav	SOFT
1629.wav	SOFT
1655.wav	SOFT
1289.wav	SOFT
1226.wav	SOFT
740.wav	DISTRESS
528.wav	DISTRESS
304.wav	DISTRESS
62.wav	DISTRESS
2012.wav	SOFT
2223.wav	SOFT
1544.wav	SOFT
895.wav	DISTRESS
773.wav	DISTRESS
576.wav	DISTRESS
169.wav	DISTRESS
818.wav	DISTRESS
101.wav	DISTRESS
266.wav	DISTRESS
378.wav	DISTRESS
908.wav	DISTRESS
1461.wav	SOFT
2206.wav	SOFT
1567.wav	SOFT
139.wav	DISTRESS
2024.wav	SOFT
1739.wav	SOFT
478.wav	DISTRESS
244.wav	DISTRESS
2257.wav	SOFT
608.wav	DISTRESS
2231.wav	SOFT
654.wav	DISTRESS
1361.wav	SOFT
2120.wav	SOFT
463.wav	DISTRESS
1324.wav	SOFT
167.wav	DISTRESS
907.wav	DISTRESS
1884.wav	SOFT
1136.wav	DISTRESS
1945.wav	SOFT
2072.wav	SOFT
1391.wav	SOFT
863.wav	DISTRESS
853.wav	DISTRESS
2176.wav	SOFT
307.wav	DISTRESS
1241.wav	SOFT
898.wav	DISTRESS
2149.wav	SOFT
1536.wav	SOFT
1732.wav	SOFT
1431.wav	SOFT
868.wav	DISTRESS
1074.wav	DISTRESS
1682.wav	SOFT
351.wav	DISTRESS
538.wav	DISTRESS
899.wav	DISTRESS
176.wav	DISTRESS
1780.wav	SOFT
2073.wav	SOFT
109.wav	DISTRESS
811.wav	DISTRESS
849.wav	DISTRESS
1798.wav	SOFT
220.wav	DISTRESS
445.wav	DISTRESS
1978.wav	SOFT
70.wav	DISTRESS
225.wav	DISTRESS
1689.wav	SOFT
469.wav	DISTRESS
39.wav	DISTRESS
1802.wav	SOFT
1206.wav	SOFT
53.wav	DISTRESS
1548.wav	SOFT
970.wav	DISTRESS
1517.wav	SOFT
2252.wav	SOFT
1482.wav	SOFT
1930.wav	SOFT
407.wav	DISTRESS
1993.wav	SOFT
2127.wav	SOFT
1294.wav	SOFT
550.wav	DISTRESS
2285.wav	SOFT
560.wav	DISTRESS
1599.wav	SOFT
2301.wav	SOFT
2050.wav	SOFT
959.wav	DISTRESS
36.wav	DISTRESS
1795.wav	SOFT
892.wav	DISTRESS
1151.wav	SOFT
601.wav	DISTRESS
537.wav	DISTRESS
1618.wav	SOFT
679.wav	DISTRESS
936.wav	DISTRESS
7.wav	DISTRESS
912.wav	DISTRESS
1921.wav	SOFT
210.wav	DISTRESS
486.wav	DISTRESS
1874.wav	SOFT
1936.wav	SOFT
1128.wav	DISTRESS
1208.wav	SOFT
710.wav	DISTRESS
965.wav	DISTRESS
825.wav	DISTRESS
2051.wav	SOFT
1123.wav	DISTRESS
605.wav	DISTRESS
670.wav	DISTRESS
1070.wav	DISTRESS
1791.wav	SOFT
759.wav	DISTRESS
2078.wav	SOFT
1038.wav	DISTRESS
1445.wav	SOFT
1369.wav	SOFT
136.wav	DISTRESS
880.wav	DISTRESS
1018.wav	DISTRESS
1827.wav	SOFT
1722.wav	SOFT
1616.wav	SOFT
1006.wav	DISTRESS
2251.wav	SOFT
232.wav	DISTRESS
364.wav	DISTRESS
49.wav	DISTRESS
2276.wav	SOFT
1838.wav	SOFT
1234.wav	SOFT
940.wav	DISTRESS
291.wav	DISTRESS
63.wav	DISTRESS
515.wav	DISTRESS
554.wav	DISTRESS
311.wav	DISTRESS
1761.wav	SOFT
13.wav	DISTRESS
372.wav	DISTRESS
596.wav	DISTRESS
1394.wav	SOFT
46.wav	DISTRESS
540.wav	DISTRESS
2309.wav	SOFT
2075.wav	SOFT
1170.wav	SOFT
1256.wav	SOFT
1001.wav	DISTRESS
542.wav	DISTRESS
2308.wav	SOFT
1669.wav	SOFT
1246.wav	SOFT
964.wav	DISTRESS
1555.wav	SOFT
2131.wav	SOFT
980.wav	DISTRESS
444.wav	DISTRESS
1675.wav	SOFT
1987.wav	SOFT
1924.wav	SOFT
2162.wav	SOFT
2099.wav	SOFT
1681.wav	SOFT
161.wav	DISTRESS
2230.wav	SOFT
2186.wav	SOFT
769.wav	DISTRESS
412.wav	DISTRESS
792.wav	DISTRESS
2037.wav	SOFT
635.wav	DISTRESS
1028.wav	DISTRESS
1958.wav	SOFT
2049.wav	SOFT
276.wav	DISTRESS
308.wav	DISTRESS
1214.wav	SOFT
405.wav	DISTRESS
512.wav	DISTRESS
1869.wav	SOFT
1379.wav	SOFT
81.wav	DISTRESS
82.wav	DISTRESS
1859.wav	SOFT
365.wav	DISTRESS
107.wav	DISTRESS
861.wav	DISTRESS
767.wav	DISTRESS
723.wav	DISTRESS
2310.wav	SOFT
1672.wav	SOFT
473.wav	DISTRESS
534.wav	DISTRESS
1396.wav	SOFT
2083.wav	SOFT
146.wav	DISTRESS
516.wav	DISTRESS
102.wav	DISTRESS
2258.wav	SOFT
251.wav	DISTRESS
593.wav	DISTRESS
1856.wav	SOFT
952.wav	DISTRESS
1625.wav	SOFT
2087.wav	SOFT
452.wav	DISTRESS
1293.wav	SOFT
2032.wav	SOFT
938.wav	DISTRESS
2269.wav	SOFT
626.wav	DISTRESS
66.wav	DISTRESS
467.wav	DISTRESS
914.wav	DISTRESS
447.wav	DISTRESS
2028.wav	SOFT
117.wav	DISTRESS
1920.wav	SOFT
1356.wav	SOFT
1354.wav	SOFT
1494.wav	SOFT
2148.wav	SOFT
2046.wav	SOFT
245.wav	DISTRESS
1055.wav	DISTRESS
1347.wav	SOFT
1751.wav	SOFT
2119.wav	SOFT
2300.wav	SOFT
498.wav	DISTRESS
1182.wav	SOFT
2260.wav	SOFT
204.wav	DISTRESS
1428.wav	SOFT
1135.wav	DISTRESS
408.wav	DISTRESS
1711.wav	SOFT
941.wav	DISTRESS
1106.wav	DISTRESS
1312.wav	SOFT
1130.wav	DISTRESS
2005.wav	SOFT
1422.wav	SOFT
1349.wav	SOFT
1039.wav	DISTRESS
655.wav	DISTRESS
1198.wav	SOFT
2018.wav	SOFT
2183.wav	SOFT
1866.wav	SOFT
211.wav	DISTRESS
1216.wav	SOFT
1928.wav	SOFT
1109.wav	DISTRESS
810.wav	DISTRESS
2288.wav	SOFT
54.wav	DISTRESS
685.wav	DISTRESS
1448.wav	SOFT
439.wav	DISTRESS
627.wav	DISTRESS
2293.wav	SOFT
1628.wav	SOFT
1576.wav	SOFT
94.wav	DISTRESS
943.wav	DISTRESS
1368.wav	SOFT
1627.wav	SOFT
345.wav	DISTRESS
1340.wav	SOFT
1797.wav	SOFT
1986.wav	SOFT
1322.wav	SOFT
322.wav	DISTRESS
142.wav	DISTRESS
1622.wav	SOFT
855.wav	DISTRESS
917.wav	DISTRESS
1384.wav	SOFT
334.wav	DISTRESS
1864.wav	SOFT
1667.wav	SOFT
819.wav	DISTRESS
1742.wav	SOFT
2154.wav	SOFT
669.wav	DISTRESS
149.wav	DISTRESS
442.wav	DISTRESS
222.wav	DISTRESS
1832.wav	SOFT
1575.wav	SOFT
433.wav	DISTRESS
1066.wav	DISTRESS
945.wav	DISTRESS
1704.wav	SOFT
2137.wav	SOFT
1588.wav	SOFT
725.wav	DISTRESS
1041.wav	DISTRESS
715.wav	DISTRESS
1886.wav	SOFT
475.wav	DISTRESS
1337.wav	SOFT
2077.wav	SOFT
684.wav	DISTRESS
2200.wav	SOFT
651.wav	DISTRESS
2111.wav	SOFT
1188.wav	SOFT
585.wav	DISTRESS
2034.wav	SOFT
418.wav	DISTRESS
882.wav	DISTRESS
1274.wav	SOFT
1830.wav	SOFT
57.wav	DISTRESS
2010.wav	SOFT
852.wav	DISTRESS
539.wav	DISTRESS
1696.wav	SOFT
829.wav	DISTRESS
741.wav	DISTRESS
1551.wav	SOFT
2266.wav	SOFT
317.wav	DISTRESS
1903.wav	SOFT
890.wav	DISTRESS
854.wav	DISTRESS
2013.wav	SOFT
240.wav	DISTRESS
783.wav	DISTRESS
1174.wav	SOFT
1769.wav	SOFT
280.wav	DISTRESS
466.wav	DISTRESS
845.wav	DISTRESS
1157.wav	SOFT
1483.wav	SOFT
271.wav	DISTRESS
1243.wav	SOFT
299.wav	DISTRESS
2045.wav	SOFT
1719.wav	SOFT
532.wav	DISTRESS
1563.wav	SOFT
28.wav	DISTRESS
122.wav	DISTRESS
921.wav	DISTRESS
335.wav	DISTRESS
582.wav	DISTRESS
2061.wav	SOFT
625.wav	DISTRESS
644.wav	DISTRESS
2096.wav	SOFT
97.wav	DISTRESS
758.wav	DISTRESS
1255.wav	SOFT
1786.wav	SOFT
2188.wav	SOFT
234.wav	DISTRESS
124.wav	DISTRESS
2271.wav	SOFT
1654.wav	SOFT
567.wav	DISTRESS
614.wav	DISTRESS
2221.wav	SOFT
2023.wav	SOFT
1023.wav	DISTRESS
86.wav	DISTRESS
960.wav	DISTRESS
1594.wav	SOFT
1898.wav	SOFT
1532.wav	SOFT
2173.wav	SOFT
768.wav	DISTRESS
2112.wav	SOFT
2170.wav	SOFT
1415.wav	SOFT
572.wav	DISTRESS
134.wav	DISTRESS
742.wav	DISTRESS
1549.wav	SOFT
1980.wav	SOFT
942.wav	DISTRESS
415.wav	DISTRESS
1561.wav	SOFT
2277.wav	SOFT
1474.wav	SOFT
2242.wav	SOFT
50.wav	DISTRESS
1083.wav	DISTRESS
1820.wav	SOFT
1197.wav	SOFT
1510.wav	SOFT
206.wav	DISTRESS
108.wav	DISTRESS
61.wav	DISTRESS
193.wav	DISTRESS
1574.wav	SOFT
985.wav	DISTRESS
1444.wav	SOFT
1518.wav	SOFT
2306.wav	SOFT
259.wav	DISTRESS
1550.wav	SOFT
1390.wav	SOFT
1162.wav	SOFT
2019.wav	SOFT
1013.wav	DISTRESS
2220.wav	SOFT
856.wav	DISTRESS
1471.wav	SOFT
41.wav	DISTRESS
739.wav	DISTRESS
1459.wav	SOFT
157.wav	DISTRESS
2272.wav	SOFT
1932.wav	SOFT
791.wav	DISTRESS
1653.wav	SOFT
218.wav	DISTRESS
866.wav	DISTRESS
1752.wav	SOFT
927.wav	DISTRESS
1514.wav	SOFT
1716.wav	SOFT
2108.wav	SOFT
1505.wav	SOFT
1878.wav	SOFT
1333.wav	SOFT
834.wav	DISTRESS
1453.wav	SOFT
1828.wav	SOFT
1677.wav	SOFT
1398.wav	SOFT
1287.wav	SOFT
569.wav	DISTRESS
219.wav	DISTRESS
21.wav	DISTRESS
468.wav	DISTRESS
570.wav	DISTRESS
896.wav	DISTRESS
323.wav	DISTRESS
1100.wav	DISTRESS
1227.wav	SOFT
1659.wav	SOFT
1310.wav	SOFT
58.wav	DISTRESS
1543.wav	SOFT
342.wav	DISTRESS
1624.wav	SOFT
1035.wav	DISTRESS
1729.wav	SOFT
809.wav	DISTRESS
1829.wav	SOFT
2054.wav	SOFT
1101.wav	DISTRESS
1084.wav	DISTRESS
33.wav	DISTRESS
847.wav	DISTRESS
185.wav	DISTRESS
2222.wav	SOFT
2246.wav	SOFT
1892.wav	SOFT
1758.wav	SOFT
92.wav	DISTRESS
1639.wav	SOFT
2124.wav	SOFT
894.wav	DISTRESS
1652.wav	SOFT
1008.wav	DISTRESS
592.wav	DISTRESS
1301.wav	SOFT
1781.wav	SOFT
258.wav	DISTRESS
514.wav	DISTRESS
1713.wav	SOFT
2102.wav	SOFT
2210.wav	SOFT
1922.wav	SOFT
2194.wav	SOFT
1403.wav	SOFT
787.wav	DISTRESS
1906.wav	SOFT
2171.wav	SOFT
170.wav	DISTRESS
295.wav	DISTRESS
1017.wav	DISTRESS
72.wav	DISTRESS
71.wav	DISTRESS
687.wav	DISTRESS
2.wav	DISTRESS
286.wav	DISTRESS
298.wav	DISTRESS
1392.wav	SOFT
338.wav	DISTRESS
587.wav	DISTRESS
2009.wav	SOFT
2022.wav	SOFT
744.wav	DISTRESS
332.wav	DISTRESS
34.wav	DISTRESS
196.wav	DISTRESS
289.wav	DISTRESS
1103.wav	DISTRESS
1763.wav	SOFT
520.wav	DISTRESS
1887.wav	SOFT
1344.wav	SOFT
720.wav	DISTRESS
1740.wav	SOFT
993.wav	DISTRESS
1934.wav	SOFT
1521.wav	SOFT
2044.wav	SOFT
1680.wav	SOFT
343.wav	DISTRESS
306.wav	DISTRESS
722.wav	DISTRESS
1305.wav	SOFT
1845.wav	SOFT
1069.wav	DISTRESS
1171.wav	SOFT
2282.wav	SOFT
1376.wav	SOFT
1867.wav	SOFT
287.wav	DISTRESS
1734.wav	SOFT
1661.wav	SOFT
238.wav	DISTRESS
1631.wav	SOFT
1562.wav	SOFT
1229.wav	SOFT
1425.wav	SOFT
1953.wav	SOFT
1776.wav	SOFT
2270.wav	SOFT
1121.wav	DISTRESS
1605.wav	SOFT
1082.wav	DISTRESS
113.wav	DISTRESS
776.wav	DISTRESS
1493.wav	SOFT
1663.wav	SOFT
2116.wav	SOFT
212.wav	DISTRESS
2153.wav	SOFT
872.wav	DISTRESS
1437.wav	SOFT
641.wav	DISTRESS
68.wav	DISTRESS
545.wav	DISTRESS
172.wav	DISTRESS
1865.wav	SOFT
619.wav	DISTRESS
1062.wav	DISTRESS
1984.wav	SOFT
1836.wav	SOFT
402.wav	DISTRESS
508.wav	DISTRESS
1994.wav	SOFT
661.wav	DISTRESS
399.wav	DISTRESS
1712.wav	SOFT
249.wav	DISTRESS
1939.wav	SOFT
1078.wav	DISTRESS
807.wav	DISTRESS
1183.wav	SOFT
1848.wav	SOFT
1299.wav	SOFT
1960.wav	SOFT
2237.wav	SOFT
111.wav	DISTRESS
263.wav	DISTRESS
2187.wav	SOFT
1648.wav	SOFT
2248.wav	SOFT
496.wav	DISTRESS
42.wav	DISTRESS
1817.wav	SOFT
1374.wav	SOFT
963.wav	DISTRESS
1803.wav	SOFT
955.wav	DISTRESS
138.wav	DISTRESS
1034.wav	DISTRESS
925.wav	DISTRESS
171.wav	DISTRESS
1323.wav	SOFT
2196.wav	SOFT
391.wav	DISTRESS
510.wav	DISTRESS
305.wav	DISTRESS
1623.wav	SOFT
1819.wav	SOFT
1692.wav	SOFT
1076.wav	DISTRESS
2039.wav	SOFT
1460.wav	SOFT
163.wav	DISTRESS
1590.wav	SOFT
413.wav	DISTRESS
1438.wav	SOFT
290.wav	DISTRESS
1224.wav	SOFT
1596.wav	SOFT
1261.wav	SOFT
1014.wav	DISTRESS
692.wav	DISTRESS
1158.wav	SOFT
1222.wav	SOFT
1818.wav	SOFT
1810.wav	SOFT
23.wav	DISTRESS
1253.wav	SOFT
261.wav	DISTRESS
380.wav	DISTRESS
2063.wav	SOFT
1335.wav	SOFT
671.wav	DISTRESS
182.wav	DISTRESS
2048.wav	SOFT
881.wav	DISTRESS
1825.wav	SOFT
1647.wav	SOFT
2243.wav	SOFT
761.wav	DISTRESS
1180.wav	SOFT
1113.wav	DISTRESS
1698.wav	SOFT
1790.wav	SOFT
4.wav	DISTRESS
2229.wav	SOFT
826.wav	DISTRESS
1964.wav	SOFT
243.wav	DISTRESS
732.wav	DISTRESS
1974.wav	SOFT
1338.wav	SOFT
484.wav	DISTRESS
1685.wav	SOFT
1603.wav	SOFT
386.wav	DISTRESS
1240.wav	SOFT
1406.wav	SOFT
1821.wav	SOFT
1606.wav	SOFT
2168.wav	SOFT
1881.wav	SOFT
1473.wav	SOFT
1271.wav	SOFT
1633.wav	SOFT
2193.wav	SOFT
203.wav	DISTRESS
472.wav	DISTRESS
1542.wav	SOFT
1258.wav	SOFT
1181.wav	SOFT
1756.wav	SOFT
1833.wav	SOFT
394.wav	DISTRESS
1220.wav	SOFT
1355.wav	SOFT
1342.wav	SOFT
1223.wav	SOFT
1965.wav	SOFT
1268.wav	SOFT
1687.wav	SOFT
2093.wav	SOFT
995.wav	DISTRESS
2273.wav	SOFT
726.wav	DISTRESS
1635.wav	SOFT
385.wav	DISTRESS
2130.wav	SOFT
578.wav	DISTRESS
1528.wav	SOFT
1194.wav	SOFT
1152.wav	SOFT
1108.wav	DISTRESS
1990.wav	SOFT
1203.wav	SOFT
1907.wav	SOFT
69.wav	DISTRESS
561.wav	DISTRESS
1771.wav	SOFT
1320.wav	SOFT
2275.wav	SOFT
1377.wav	SOFT
862.wav	DISTRESS
425.wav	DISTRESS
462.wav	DISTRESS
1146.wav	SOFT
2263.wav	SOFT
1270.wav	SOFT
676.wav	DISTRESS
2007.wav	SOFT
1148.wav	SOFT
1193.wav	SOFT
1251.wav	SOFT
709.wav	DISTRESS
1111.wav	DISTRESS
971.wav	DISTRESS
187.wav	DISTRESS
25.wav	DISTRESS
1966.wav	SOFT
2261.wav	SOFT
337.wav	DISTRESS
209.wav	DISTRESS
1636.wav	SOFT
1678.wav	SOFT
1649.wav	SOFT
1800.wav	SOFT
634.wav	DISTRESS
583.wav	DISTRESS
1280.wav	SOFT
2245.wav	SOFT
897.wav	DISTRESS
1213.wav	SOFT
340.wav	DISTRESS
1492.wav	SOFT
1138.wav	DISTRESS
1126.wav	DISTRESS
616.wav	DISTRESS
336.wav	DISTRESS
1509.wav	SOFT
1065.wav	DISTRESS
795.wav	DISTRESS
1298.wav	SOFT
775.wav	DISTRESS
2081.wav	SOFT
382.wav	DISTRESS
1775.wav	SOFT
2166.wav	SOFT
1410.wav	SOFT
1478.wav	SOFT
1961.wav	SOFT
2098.wav	SOFT
2006.wav	SOFT
1019.wav	DISTRESS
674.wav	DISTRESS
731.wav	DISTRESS
2304.wav	SOFT
1502.wav	SOFT
1852.wav	SOFT
844.wav	DISTRESS
1300.wav	SOFT
618.wav	DISTRESS
1837.wav	SOFT
11.wav	DISTRESS
479.wav	DISTRESS
1331.wav	SOFT
2059.wav	SOFT
1560.wav	SOFT
